name,id,permalink,media_type,like_count,comments_count,timestamp,media_url,caption,date,engagement
winebook_official,17931445169382952,https://www.instagram.com/p/Cj86Y12BaVx/,CAROUSEL_ALBUM,99,2,2022-10-20 22:08:54+00:00,https://scontent-sea1-1.cdninstagram.com/v/t51.29350-15/312233774_182108344372473_465443524032246778_n.jpg?_nc_cat=109&ccb=1-7&_nc_sid=8ae9d6&_nc_ohc=LQgFHX18M4EAX9QqUp6&_nc_ht=scontent-sea1-1.cdninstagram.com&edm=AL-3X8kEAAAA&oh=00_AT9doOXQ_d4lcO0Yj77rGZ4bDWZ22PxcwVjwPYH1ft4rfw&oe=635DF235,"#리그램 호주 프리미엄 와인 아멜리아 파크 세미나

✔️ 서호주를 대표하는 프리미엄 와인 '아멜리아 파크'는 고메 트레블러가 선정한 '마가렛 리버 베스트 셀러 도어' 타이틀을 3년 연속 획득
✔️ 멜번 인터네셔널 와인 컴피티션의 '𝑀𝑎𝑟𝑔𝑎𝑟𝑒𝑡 𝑅𝑖𝑣𝑒𝑟 𝑊𝑖𝑛𝑒𝑟𝑦 𝑜𝑓 𝑡ℎ𝑒 𝑌𝑒𝑎𝑟'에 선정된 와인
✔️ 제임스 할리데이 선정 5레드 스타와이너리
✔️ Amelia Park Reserve Collection은 가장 뛰어난 포도밭에서 수확한 최상급의 포도로만 만들며, 연간 소량 생산하는 와인입니다.
✔️ Amelia Park Collection은 품종별로 가장 이상적인 지역에서 재배된 포도를 사용하며, 마가렛 리버에서는 샤르도네, 까베르네 메를로를 재배하며, 프랭크랜드 리버에서는 쉬라즈 와인을 생산하고 있습니다.

🎁Wine List
🍷Amelia Park Chardonnay
 - WINNER (2017빈티지) - James Halliday Chardonnay Challenge
🍷 Amelia park reserve chardonnay
 - WINNER (2017빈티지) - James Halliday Chardonnay challenge
🍷 Amelia Park Shiraz
 -  WINNER (2020빈티지) - 2021 Ray Jordan's Top 100 Red Wines
🍷 Amelia Park Cabernet Merlot
 -  97pts (2018빈티지) - 2020 Decanter
🍷 Amelia Park Reserve Shiraz
 - 96pts (2018빈티지) - Gold International Wine Challenge
🍷 Amelia Park Reserve Cabernet Sauvignon
 - 97pts (2018빈티지) - 2022 Wine Companion, Top Rated Cabernets List
🍷 Amelia Park Pinot Noir(미수입)

세미나에 참석해주신 wine_mariage_jw 님 멋진 사진 감사합니다.

지나친 음주는 뇌졸중, 기억력 손상이나 치매를 유발합니다. 임신 중 음주는 기형아 출생 위험을 높입니다.",2022-10-26,198
winebook_official,18219228634095628,https://www.instagram.com/p/Cj85hG9hUhn/,CAROUSEL_ALBUM,200,3,2022-10-20 22:01:17+00:00,https://scontent-sea1-1.cdninstagram.com/v/t51.29350-15/312023467_2047628695447958_3834815409576144177_n.jpg?_nc_cat=104&ccb=1-7&_nc_sid=8ae9d6&_nc_ohc=hW6ztyD-ycYAX_egV-H&_nc_ht=scontent-sea1-1.cdninstagram.com&edm=AL-3X8kEAAAA&oh=00_AT9bHBiqCbiZCQSm66Zto9s-Fiqbjqc3Qu1yxLGbxHuGzQ&oe=635DB28A,"#리그램 서울스카이 123라운지에서 즐기는 루이스 마티니 언더워터 에이징

🍷미국 까베리네 소비뇽의 전설 '루이스 마티니'를 대한민국 최고의 높이 500m에 위치한 서울스카이 123라운지에서 만나보세요~

1. 미국 금주령의 혹독한 환경에서도 그 품질을 인정 받아 미사용으로 사용된 와인
2. 로버트 파커에게 100 점수와 극찬을 받은 와이너리
3. 천재 와인메이커 마이클 에디가 만든 미국 까베르네 소비뇽의 전설
4. 미국 와인의 명문가 루이스 마티니(Louis M Martini)

멋진 야경과 함께 루이스 마티니를 포스팅해주신 linen_table 님 감사합니다.

경고 : 지나친 음주는 뇌졸중, 기억력 손상이나 치매를 유발합니다. 임신 중 음주는 기형아 출생 위험을 높입니다.",2022-10-26,400
winebook_official,17967065455823106,https://www.instagram.com/p/Cj8BOtlBJVf/,CAROUSEL_ALBUM,152,2,2022-10-20 13:49:27+00:00,https://scontent-sea1-1.cdninstagram.com/v/t51.29350-15/312009824_431692682415492_6982597601665050210_n.jpg?_nc_cat=102&ccb=1-7&_nc_sid=8ae9d6&_nc_ohc=pxflJh878x4AX82v2Jn&_nc_ht=scontent-sea1-1.cdninstagram.com&edm=AL-3X8kEAAAA&oh=00_AT8RacWJ0xmK1eXFPEHdLCvzMg-qPXidVNgaGofgr6zwzA&oe=635E5A63,"#와인바 After9&wine Wine Palette🍷

시즌마다 색다른 컨셉으로 만나는 와인 팔레트는 와인 전문가가 엄선한 와인들을 글라스로 만나보는 테이스팅 프로그램 입니다.

After9&wine에서는 와인의 개성과 매력을 돋보이게 하는 명품 글라스에 제공하여 많은 분들에게 만족스러운 경험을 선사합니다.

After9&wine의 새로운 가을 팔레트를 지금 만나 보세요~~

💌예약 문의
✔️인스타 DM 혹은 네이버로 예약 하세요~

💌전화 문의 및 예약
✔️평일 (화 ~ 토) 14:00 ~ 22:00
📞010-4283-9115

after9nwine",2022-10-26,304
winebook_official,18259808092128888,https://www.instagram.com/p/Cj5_VRVBX58/,CAROUSEL_ALBUM,120,2,2022-10-19 18:54:23+00:00,https://scontent-sea1-1.cdninstagram.com/v/t51.29350-15/312150484_576217014258796_4412718357939074350_n.jpg?_nc_cat=102&ccb=1-7&_nc_sid=8ae9d6&_nc_ohc=IYtJI8yNAzAAX-ZM4mi&_nc_ht=scontent-sea1-1.cdninstagram.com&edm=AL-3X8kEAAAA&oh=00_AT8Us0iwtq9nxWs5eDIST4elr67uIbCSm4AC1zTuVoYH7A&oe=635C8C9B,"#리그램 와인북과 함께하는 미슐랭 투어 시즌 6🎊

🍷오린 스위프트 슬랜더 X 윤서울의 만남!
윤서울의 한식은 익숙하면서도 과감한 도전이 느껴지는 독특함이 있습니다.
기존의 고급스러운 한식의 매력과 다른 정교하면서도 거침없는 한식의 매력을 윤서울에서 오린 스위프 슬렌더와 환상의 페어링을 경험해 보세요~

멋진 사진을 포스팅 해주신 fetechezmoi 님 감사합니다.🙏

경고 : 지나친 음주는 뇌졸중, 기억력 손상이나 치매를 유발합니다. 임신 중 음주는 기형아 출생 위험을 높입니다.",2022-10-26,240
winebook_official,17932625336357300,https://www.instagram.com/p/Cj5-3qlBFp0/,CAROUSEL_ALBUM,131,2,2022-10-19 18:50:20+00:00,https://scontent-sea1-1.cdninstagram.com/v/t51.29350-15/312279588_3318675698401463_1014983693811469560_n.jpg?_nc_cat=101&ccb=1-7&_nc_sid=8ae9d6&_nc_ohc=eXPu_WbLOfYAX_mqxN-&_nc_ht=scontent-sea1-1.cdninstagram.com&edm=AL-3X8kEAAAA&oh=00_AT8tLcY_XoEawXbnWzE0tpkXhuLKoaVA-WJBFdkvlw1LAQ&oe=635D3FFC,"#리그램 👻아포틱 캔들 할로윈 패키지🎁

🍷미국에서 가장 사랑받는 프리미엄 와인 아포틱

🦇아포틱 레드와 캔들, 그리고 아포틱 에코백까지 알찬 구성의 할로윈 패키지!

올해 할로윈은 아포틱과 함께 즐거운 추억을 만들어 보세요~

멋진 사진을 포스팅 해주신 claire_go_go 님 감사합니다.🙏

경고 : 지나친 음주는 뇌졸중, 기억력 손상이나 치매를 유발합니다. 임신 중 음주는 기형아 출생 위험을 높입니다.",2022-10-26,262
winebook_official,17978917582689262,https://www.instagram.com/p/Cj5XGZhhN55/,IMAGE,102,7,2022-10-19 13:02:50+00:00,https://scontent-sea1-1.cdninstagram.com/v/t51.29350-15/312222610_824856758965664_5089960833358362935_n.jpg?_nc_cat=111&ccb=1-7&_nc_sid=8ae9d6&_nc_ohc=Ju8a-QSL6uYAX_t_0av&_nc_ht=scontent-sea1-1.cdninstagram.com&edm=AL-3X8kEAAAA&oh=00_AT9L4j19S8RQp9uix-KY5jE5ubmD5fCjFoXUL_hiIQJTvQ&oe=635E6FB0,"🇪🇸 마르께스 데 까세레스 세미나 당첨자 발표

스페인 국왕이 사랑하는 와인, 마르께스 데 까세레스 세미나에 여러분을 초대합니다!

𝐖𝐢𝐧𝐞 𝐋𝐢𝐬𝐭
🍷𝑀𝐴𝑅𝑄𝑈𝐸𝑆 𝐷𝐸 𝐶𝐴𝐶𝐸𝑅𝐸𝑆 𝐶𝑅𝐼𝐴𝑁𝑍𝐴
🍷𝑀𝐴𝑅𝑄𝑈𝐸𝑆 𝐷𝐸 𝐶𝐴𝐶𝐸𝑅𝐸𝑆 𝑅𝐸𝑆𝐸𝑅𝑉𝐴
🍷𝑀𝐴𝑅𝑄𝑈𝐸𝑆 𝐷𝐸 𝐶𝐴𝐶𝐸𝑅𝐸𝑆 𝐺𝑅𝐴𝑁 𝑅𝐸𝑆𝐸𝑅𝑉𝐴
🍷𝑀𝐴𝑅𝑄𝑈𝐸𝑆 𝐷𝐸 𝐶𝐴𝐶𝐸𝑅𝐸𝑆 𝑀𝐶
🍷𝑀𝐴𝑅𝑄𝑈𝐸𝑆 𝐷𝐸 𝐶𝐴𝐶𝐸𝑅𝐸𝑆 𝐺𝐴𝑈𝐷𝐼𝑈𝑀

<세미나 일정>
일시 : 2022.10.21(금) 오후 7:00 ~ 8:30
장소 : 애프터나인 앤 와인
(마포구 양화로 45, 메세나폴리스몰 115호)
연사 : German Rubiales(Export Director)

🎉당첨되신 모든 분들 축하드립니다🎉
*당첨자에게는 개별DM 드립니다.

경고 : 지나친 음주는 뇌졸중, 기억력 손상이나 치매를 유발합니다. 임신 중 음주는 기형아 출생 위험을 높입니다.",2022-10-26,204
winebook_official,18323824690037364,https://www.instagram.com/p/Cj5Wj6-hORj/,IMAGE,95,4,2022-10-19 12:58:07+00:00,https://scontent-sea1-1.cdninstagram.com/v/t51.29350-15/312182473_190228670084639_8431615051737816090_n.jpg?_nc_cat=104&ccb=1-7&_nc_sid=8ae9d6&_nc_ohc=U7Iw0mxI6ogAX-8jXwb&_nc_ht=scontent-sea1-1.cdninstagram.com&edm=AL-3X8kEAAAA&oh=00_AT_twOvajYrM6itSEjr_xN1Re-9MnaI5gyCr5ZFSkCzqJQ&oe=635D4716,"🎊프리미엄 키안티 클라시코 '테누타 디 아르체노, 키안티 클라시코' 테이스팅 당첨자 발표🎉

✔️슈퍼 투스칸 와이너리로 유명한 테누타 디 아르체노에서 선보이는 프리미엄 키안티 클라시코를 만나 보세요~

🍷Tenuta di Arceno, Chianti Classico
★93점 James Suckling (2019빈티지)
★92점 James Suckling (2018빈티지)
★93점 James Suckling (2017빈티지)

🎉당첨되신 모든 분들 축하드립니다🎉
*당첨자에게는 개별DM 드립니다.

경고 : 지나친 음주는 뇌졸중, 기억력 손상이나 치매를 유발합니다. 임신 중 음주는 기형아 출생 위험을 높입니다.",2022-10-26,190
winebook_official,17967563683914024,https://www.instagram.com/p/Cj35XlPBTYi/,CAROUSEL_ALBUM,118,2,2022-10-18 23:23:47+00:00,https://scontent-sea1-1.cdninstagram.com/v/t51.29350-15/311856227_126356130197622_3949507773766966307_n.jpg?_nc_cat=109&ccb=1-7&_nc_sid=8ae9d6&_nc_ohc=DYdM9iWPWRsAX_5snOz&_nc_ht=scontent-sea1-1.cdninstagram.com&edm=AL-3X8kEAAAA&oh=00_AT9298NDgstJyqrx6FyO4_28ZA3AAPn_v_R5TbW0QHvqJw&oe=635C7CA2,"🥃 달모어&모어 위스키 클럽 9월 이달의 위스키

국내 최고의 바에서 즐기는 달모어 위스키 Bar Tour🥃

✔️ 전 세계 4대 위스키 생산자, Whyte&Mackay 社 의 대표 싱글몰트 위스키 브랜드, THE DALMORE

✔️ 싱글몰트 위스키의 살아 있는 전설, 달모어의 마스터 디스틸러, 리차드 패터슨이 선보이는 캐스크 숙성

달모어 12년를 멋지게 포스팅 해주신 jaybe.vino 님 감사합니다.🙏

thedalmore_kr 

지나친 음주는 뇌졸중, 기억력 손상이나 치매를 유발합니다. 임신 중 음주는 기형아 출생 위험을 높입니다.",2022-10-26,236
winebook_official,17951925446191174,https://www.instagram.com/p/Cj34BU7BbtN/,CAROUSEL_ALBUM,114,3,2022-10-18 23:12:01+00:00,https://scontent-sea1-1.cdninstagram.com/v/t51.29350-15/312018320_669582641454250_7167310079019982021_n.jpg?_nc_cat=102&ccb=1-7&_nc_sid=8ae9d6&_nc_ohc=eI-uB1AZrT0AX8rNK5y&_nc_ht=scontent-sea1-1.cdninstagram.com&edm=AL-3X8kEAAAA&oh=00_AT97SBFPF8C4PG40hRljoZmFVUY60GC0olQ4uDmZz_mGPA&oe=635D0B36,"#리그램 갤로엔젤스 고스트 파인 세미나

할로윈 컨셉으로 진행된 고스트 파인을 만나보세요~

🇺🇸Wine List
🍷Ghost Pines Cabernet Sauvignon
🍷Ghost Pines Pinot Noir
🍷Ghost Pines Merlot
🍷Ghost Pines Chardonnay
🍷Ghost Pines Zinfandel

멋진을 사진을 올려주신 wellness_aloha 님 감사합니다.

경고 : 지나친 음주는 뇌졸중, 기억력 손상이나 치매를 유발합니다. 임신 중 음주는 기형아 출생 위험을 높입니다.",2022-10-26,228
winebook_official,17926556762548924,https://www.instagram.com/p/Cj1tWOOhvb-/,CAROUSEL_ALBUM,130,5,2022-10-18 03:00:16+00:00,https://scontent-sea1-1.cdninstagram.com/v/t51.29350-15/311966148_576624840886343_4007607035817345418_n.jpg?_nc_cat=110&ccb=1-7&_nc_sid=8ae9d6&_nc_ohc=1h1OUKVl3G0AX9YI9eT&_nc_ht=scontent-sea1-1.cdninstagram.com&edm=AL-3X8kEAAAA&oh=00_AT-jsotBvAXJSEdBwrXn1AEp89Rxpfg24kUpn4acA1YuKQ&oe=635D586B,"🇫🇷 와인북클럽 10월 이달의 와인
🍷 토마스 바통 리저브 메독, 토마스 바통 그라브 블랑

✔️ 300년의 역사를 지닌 보르도의 가장된 와이너리 ‘B&G THOMAS BARTON’
✔️ 전 미국 대통령 토마스 제퍼슨이 사랑한 와인 브랜드 B&G의 와인

✔️ THOMAS BARTON RÉSERVE MÉDOC
🏅Vienna International Wine Challenge 2016 – Silver(2010 빈티지)
🏅Le Guid Hachette des Vins 2016 – ★★(2012 빈티지)
🏅Decanter World Wine Awards 2013 - Commendrd(2011 빈티지)

✔️ THOMAS BARTON RÉSERVE GRAVES BLANC
🍷고품질의 와인으로 전세계 130여 개국의 소비자들의 사랑을 받는 와인🏅Decanter 2020 – Bronze(2019 빈티지)
🏅Japen Wine Challenge 2020 – Gold(2019 빈티지)
🏅Guide Gilbert & Gaillard - Gold(2013 빈티지)

bartonguestier_france
lottechilsung 

경고 : 지나친 음주는 뇌졸중, 기억력 손상이나 치매를 유발합니다. 임신 중 음주는 기형아 출생 위험을 높입니다.",2022-10-26,260
winebook_official,17848572647855510,https://www.instagram.com/p/Cj1NuqZhvPw/,CAROUSEL_ALBUM,116,2,2022-10-17 22:23:59+00:00,https://scontent-sea1-1.cdninstagram.com/v/t51.29350-15/311808732_801309344448755_7473483254855492108_n.jpg?_nc_cat=109&ccb=1-7&_nc_sid=8ae9d6&_nc_ohc=31MQV6pDoMUAX_8qKnA&_nc_ht=scontent-sea1-1.cdninstagram.com&edm=AL-3X8kEAAAA&oh=00_AT-H6ThYPMNRUECbANr2A6KzxinCgPP9pD5hrZgvN-W1Gg&oe=635D8855,"#리그램 🇺🇸갤로엔젤스 10기 10월 이달의 와인
🍇최고의 지역만 선정해서 지역 블렌딩한 특별한 와인 '고스트 파인'

✔️ 최적의 환경에서 키워낸 최고의 품질의 포도로 생산한 와인으로 2018년 와인 스펙테이터 선정 '100대 와인' 브랜드입니다.

홈플러스 인기 와인으로 유명합니다.

-------------------------------------------------

- Ghost Pines, Cabernet Sauvignon
★ 92점: Decanter (2018빈티지)
★ 89점: Wilfred Wong of Wine.com (2015빈티지)

- Ghost Pines, Zinfandel
★ The Critics Challenge WIne Competition - Gold (2018빈티지)
★ The TEXSOM International Wine Awards - Silver (2018빈티지)
★ The San Diego Wine and Spirits Challenge - Silver (2018빈티지)

멋진 사진을 올려주신 49.904 님 감사합니다.

여러분도 이번 핼러윈 데이는 고스트 파인과 함께 즐겨보세요~

지나친 음주는 뇌졸중, 기억력 손상이나 치매를 유발합니다. 임신 중 음주는 기형아 출생 위험을 높입니다.",2022-10-26,232
winebook_official,18319002937040328,https://www.instagram.com/p/Cj0i1AlBblv/,CAROUSEL_ALBUM,111,2,2022-10-17 16:09:06+00:00,https://scontent-sea1-1.cdninstagram.com/v/t51.29350-15/311921582_1764604803909961_2411555507896986243_n.jpg?_nc_cat=105&ccb=1-7&_nc_sid=8ae9d6&_nc_ohc=Twm424ffyBUAX9fGAD_&_nc_ht=scontent-sea1-1.cdninstagram.com&edm=AL-3X8kEAAAA&oh=00_AT9FvdaBCPuXTzmDyQr7QIdrBLmshq9qzG-5fNn-Fa5gAA&oe=635CB5E1,"#리그램 미국에서 가장 사랑받는 프리미엄 와인 ‘Apothic Seminar’

✔️ 아포틱은 유럽의 블렌딩 전통을 따르면서도 캘리포니아 품종들을 사용해 완전히 새로운 스타일의 와인을 창조하였습니다.

✔️ 미국 레드와인 판매 1위, 아포틱
✔️ 미국 프리미엄 와인 브랜드 판매 1위

멋진 사진을 포스팅 해주신 wine_mariage_jw 님 감사합니다.🙏

경고 : 지나친 음주는 뇌졸중, 기억력 손상이나 치매를 유발합니다. 임신 중 음주는 기형아 출생 위험을 높입니다.",2022-10-26,222
winebook_official,18112775551294728,https://www.instagram.com/p/Cj0iRfshNZR/,CAROUSEL_ALBUM,123,2,2022-10-17 16:04:15+00:00,https://scontent-sea1-1.cdninstagram.com/v/t51.29350-15/311823793_223895233301912_3974363222541672063_n.jpg?_nc_cat=109&ccb=1-7&_nc_sid=8ae9d6&_nc_ohc=foqzhmeyAf4AX-LsVSM&_nc_ht=scontent-sea1-1.cdninstagram.com&edm=AL-3X8kEAAAA&oh=00_AT_qBq33DuKzc8v5XtF894szbtRo79XvduC_31MaSyuu5w&oe=635E1181,"#리그램 와인북과 함께하는 미슐랭 투어 시즌 6🎊

🍷오린 스위프트 슬랜더 X 윤서울의 만남!
윤서울의 한식은 익숙하면서도 과감한 도전이 느껴지는 독특함이 있습니다.
기존의 고급스러운 한식의 매력과 다른 정교하면서도 거침없는 한식의 매력을 윤서울에서 오린 스위프 슬렌더와 환상의 페어링을 경험해 보세요~

멋진 사진을 포스팅 해주신 wine_mariage_jw 님 감사합니다.🙏

경고 : 지나친 음주는 뇌졸중, 기억력 손상이나 치매를 유발합니다. 임신 중 음주는 기형아 출생 위험을 높입니다.",2022-10-26,246
winebook_official,18219748675094412,https://www.instagram.com/p/Cj0h3AVB1UE/,CAROUSEL_ALBUM,99,4,2022-10-17 16:00:38+00:00,https://scontent-sea1-1.cdninstagram.com/v/t51.29350-15/312170604_1045174279564637_2212533027993780166_n.jpg?_nc_cat=107&ccb=1-7&_nc_sid=8ae9d6&_nc_ohc=M0jLUOV1Xc8AX-q_aWz&_nc_oc=AQn6zHiUBaA6kWCwsDKSoEguuQ4aaHFvvPtH6rgrdzpsGd3zD0PlMqnbxvERuMYQgjQ&_nc_ht=scontent-sea1-1.cdninstagram.com&edm=AL-3X8kEAAAA&oh=00_AT_iJoSCt8Meg4MlXXefHHcjY25oPMkMuisdgaPiUmM5lA&oe=635E03E9,"#리그램 👻아포틱 캔들 할로윈 패키지🎁

🍷미국에서 가장 사랑받는 프리미엄 와인 아포틱

🦇아포틱 레드와 캔들, 그리고 아포틱 에코백까지 알찬 구성의 할로윈 패키지!

올해 할로윈은 아포틱과 함께 즐거운 추억을 만들어 보새요~

멋진 아포틱 캔들 패키지를 포스팅 해주신 lovelyeon7 님 감사합니다.🙏

경고 : 지나친 음주는 뇌졸중, 기억력 손상이나 치매를 유발합니다. 임신 중 음주는 기형아 출생 위험을 높입니다.",2022-10-26,198
winebook_official,17873188028728172,https://www.instagram.com/p/CjznEpYhK11/,CAROUSEL_ALBUM,313,86,2022-10-17 07:26:57+00:00,https://scontent-sea1-1.cdninstagram.com/v/t51.29350-15/311737443_3326978860883871_2847687369560882152_n.jpg?_nc_cat=103&ccb=1-7&_nc_sid=8ae9d6&_nc_ohc=LuPKt1QINN0AX9ry-vn&_nc_ht=scontent-sea1-1.cdninstagram.com&edm=AL-3X8kEAAAA&oh=00_AT9TYOvNIk6VQw3imsNyPs9CFyJrVAT5SFHmGIjHNisePw&oe=635CFE34,"🍷미슐랭 투어 시즌 7
Orin Swift X Lamitie

🇫🇷 1996년에 오픈하여 현재까지 프렌치 요리만 고집해서 운영하는 레스토랑 ‘라미띠에' 
‘정성의 온기가 담긴 프렌치 퀴진’을 선보여온 장명식 셰프의 프렌치를 오린 스위프트와 함께 만나 보세요~

🍷2022 미쉐린 가이드 서울 🍷
☝🏻라미띠에 런치 식사권(1인권)
✌🏻오린 스위프트 팔레르모 1잔

🎊미슐랭 레스토랑 투어의 주인공이 되는 방법🍀
1. 와인북 인스타그램 팔로우하기!(필수)
2. 댓글로 와인북을 추천하고 싶은 친구 ID 태그❤️

※레스토랑 방문 후기 포스팅 작성 필수(11월28일까지)
※ 레스토랑 방문일 : 11월 18일/ 11월 19일(중 선택)
※ 19일 방문의 경우 동반인과 동행 방문이 필수이며, 동반인 식사비용은 자부담입니다.
※ 당첨자에게는 개별 DM 드립니다!

지나친 음주는 뇌졸중, 기억력 손상이나 치매를 유발합니다. 임신 중 음주는 기형아 출생 위험을 높입니다.",2022-10-26,626
after9,17962947613890246,https://www.instagram.com/p/Cj7NVwiBMRT/,IMAGE,13,1,2022-10-20 06:16:01+00:00,https://scontent-sea1-1.cdninstagram.com/v/t51.29350-15/312251073_195358262970670_6987257840138973194_n.jpg?_nc_cat=111&ccb=1-7&_nc_sid=8ae9d6&_nc_ohc=fR-LAxDM_10AX_RHEq5&_nc_ht=scontent-sea1-1.cdninstagram.com&edm=AL-3X8kEAAAA&oh=00_AT8s7HKe-KaSJi1Av9hMUWlF17oXV0EBetYT0_vlojoJ0A&oe=635DE90F,"애프터나인 앤 와인 오는 길을 알려드립니다🍷

찾아오시는 길 전혀 어렵지 않아요😊

📞010-4283-9115
✔️마포구 양화로 45 메세나폴리스몰 1층 115호

after9nwine",2022-10-26,26
after9,18032199778398104,https://www.instagram.com/p/Cj5DxgvBSSL/,CAROUSEL_ALBUM,20,1,2022-10-19 10:13:57+00:00,https://scontent-sea1-1.cdninstagram.com/v/t51.29350-15/311939911_856426275526271_2463105520492203823_n.jpg?_nc_cat=104&ccb=1-7&_nc_sid=8ae9d6&_nc_ohc=9x72LME9Ra4AX8p3Drn&_nc_ht=scontent-sea1-1.cdninstagram.com&edm=AL-3X8kEAAAA&oh=00_AT8dAOK95ea0pQYisyqVDWSr8rnStRrxNmosEjvN-W0h5Q&oe=635E5DF0,"After9&wine Wine Palette🍷

시즌마다 색다른 컨셉으로 만나는 와인 팔레트는 와인 전문가가 엄선한 와인들을 글라스로 만나보는 테이스팅 프로그램 입니다.

After9&wine 에서는 와인의 개성과 매력을 돋보이게 하는 명품 글라스에 제공하여 많은 분들에게 만족스러운 경험을 선사합니다.

After9&wine 의 가을 팔레트를 지금 만나 보세요~~

💌예약 문의
✔️인스타 DM 으로 신청 시 ( 성함, 인원, 연락처 )를 보내주세요!

💌전화 문의 및 예약
✔️평일 (화 ~ 토) 14:00 ~ 22:00
📞010-4283-9115

after9nwine",2022-10-26,40
퍼플독ㅣPurpleDog,18160838875253884,https://www.instagram.com/p/CkApGkFuvDt/,CAROUSEL_ALBUM,43,2,2022-10-22 08:54:49+00:00,https://scontent-sea1-1.cdninstagram.com/v/t51.29350-15/312122386_822871449049108_5510337299762951520_n.webp?stp=dst-jpg&_nc_cat=111&ccb=1-7&_nc_sid=8ae9d6&_nc_ohc=cNngpNBkHe8AX9Q-uJN&_nc_ht=scontent-sea1-1.cdninstagram.com&edm=AL-3X8kEAAAA&oh=00_AT_0B8QzVkuRKR2h47I1H1wLPuabSzIdiYL2Mla4xZXytQ&oe=635DA0EC,"⠀
🤵🏻‍♂️ 퍼플독에서 와인 시음회를 진행한다고?!?
 
와인을 많이 마셔봤지만 타닌감, 바디감, 당도 등 내가 느끼는 것이 정말 이 맛이 맞을까..? 하면서 늘 답답하지 않으셨나요? 퍼플독이 이런 답답함을 시원하게 긁어드릴 수 있도록 프리미엄 정기 시음회를 준비했어요 !

🤵🏻‍♂️퍼플독과 함께라면, 와인이 쉬워집니다.

퍼플독이 준비한 시음회는 구독 서비스를 운영하며 쌓아온 다양한 와인 데이터와 구독자분들의 피드백 데이터를 취합하여 완벽하게 설계한 테이스팅 프로그램입니다. 단순히 와인 시음만 하는 것이 아닌, 어디서도 들을 수 없던 와인의 비하인드 스토리, 와인을 더 맛있게 마시는 방법 등 다양한 이야기를 대표님께서 직접! 쉽고 재미있게 설명해드립니다.

📢 퍼플독 테이스팅 프로그램 행사 참여 방법

✔️ 참가비 : 5만원 (하지만! 구독 회원님들은 단 돈 1만원)
✔️ 장소: 퍼플독 송파 본점
✔️ 날짜 및 시간 : 매주 화요일 오후 7시 ~ 9시까지 (총 2시간)
✔️ 예약 방법 : 네이버에 ‘퍼플독 송파 본점’ 을 검색 후 예약하기",2022-10-26,86
퍼플독ㅣPurpleDog,17928750836438000,https://www.instagram.com/p/Cj-BkvIOJfW/,CAROUSEL_ALBUM,27,2,2022-10-21 08:30:56+00:00,https://scontent-sea1-1.cdninstagram.com/v/t51.29350-15/312083080_511974277413315_1645575450385580044_n.webp?stp=dst-jpg&_nc_cat=103&ccb=1-7&_nc_sid=8ae9d6&_nc_ohc=HAE-_G0BW2oAX8HG5YL&_nc_oc=AQmXmSmBvdVF4jjXRA-2w94coL39UgaW2CMxdB_MFjnXc6pEr0JwLxN12O-nGZTQNEA&_nc_ht=scontent-sea1-1.cdninstagram.com&edm=AL-3X8kEAAAA&oh=00_AT_y3ap_8MuMjFdSwhc2GP2bqf2wNCIvejpPF8RCEm1QAQ&oe=635D681E,"🍷와인세이버 증정EVENT🍷
아직 퍼플독 앱 설치하지 않으신 분들 계신가요?!

매번 퍼플독 검색해서 들어가야 하는 웹페이지의 번거로움을 최소화하고
편리함은 확 끌어올린 퍼플독 어플을 설치해보세요!

구독 상태, 와인 스타일, 퍼플독의 소식 뿐만 아니라
와인 검색, 매거진, 피드, 구독 상태 등 다양한 컨텐츠 또한 준비되어 있답니다🥰

앱을 설치하신 구독자님들을 위한 증정 100% 이벤트도 준비했어요 

앱 설치 후 스토어 리뷰만 달면 무려 18,000원 상당의 ‘퍼플독 와인세이버’ 를 증정해드립니다!

✔️와인 세이버란?
와인 스토퍼와 달리 와인병 속의 산소를 제거하여 진공상태로 보관이 가능하게 도와주는 제품으로, 진공상태로 보관 시 와인의 맛과 향 변질을 최소화하여 스토퍼에 비해 더 오래 와인 보관이 가능하답니다😉
와인을 좋아하시는 분들에겐 선택이 아닌 필수템!

✔️ 참여해주신 모든 분들께 제공해드리는 이벤트이니 놓치지 않고 꼭 참여해보세요!

✔️ 자세한 사항은 퍼플독 프로필의 링크 눌러 확인해주세요!",2022-10-26,54
퍼플독ㅣPurpleDog,17851999226822770,https://www.instagram.com/p/Cj5jruUJevm/,CAROUSEL_ALBUM,41,2,2022-10-19 14:52:47+00:00,https://scontent-sea1-1.cdninstagram.com/v/t51.29350-15/309505798_404281698414164_6899843942242856001_n.jpg?_nc_cat=102&ccb=1-7&_nc_sid=8ae9d6&_nc_ohc=AxinxPWhPWEAX9l2AAD&_nc_ht=scontent-sea1-1.cdninstagram.com&edm=AL-3X8kEAAAA&oh=00_AT8_M4Cpo7LZ18ti2YRzHmCGhJbqIaGIcitBWhB5aw-22Q&oe=635DC8DE,"⠀
시음회에 함께 해주신 모든분들께 감사의 말씀드립니다. 퍼플독 송파본점에서는 정기적으로 대표님과 함께 하는 시음회를 진행하고 있습니다. 누구나 참여할 수 있으며  너~~~~~~~~~무 좋았다는 회원님들의 말씀 한마디에 저희도 계속 나아갈 힘을 얻습니다. 많은 분들이 참여해 주셔서 너무나 뜻깊은 시간이었고 많은 분들에게 즐거운 시간을 선물해 드릴수 있어서 저희 또한 감사한 시간이었습니다. 퍼플독에서는 앞으로도 모든 회원님들과 함께 할 수 있는 시간을 기다리며 많은 것을 준비해 나가도록 하겠습니다!
⠀
정기 시음회 예약은 네이버에서 ""퍼플독 송파본점""을 검색해 주세요!",2022-10-26,82
와인소셜,18181637230241396,https://www.instagram.com/p/Cj9G6XAPram/,IMAGE,45,3,2022-10-20 23:58:20+00:00,https://scontent-sea1-1.cdninstagram.com/v/t51.29350-15/312373408_497742905557436_6798047468538084456_n.jpg?_nc_cat=111&ccb=1-7&_nc_sid=8ae9d6&_nc_ohc=ikoFpNCvNaQAX_VVHf5&_nc_oc=AQlQDnpfq-6NekrIZ_iXHVMTYszi-WhCASiySBrSlcEMiM0fd6FuBS01j2TMwekAnwI&_nc_ht=scontent-sea1-1.cdninstagram.com&edm=AL-3X8kEAAAA&oh=00_AT92UbsJIpezTPxiWFUZTIrW7YlwtrN_nsusCIzk5-xknQ&oe=635E57D9,"퇴근 후 가까운 지인들과 함께
와인 한 잔으로 힘들었던 하루를 털어보세요🥂",2022-10-26,90
와인소셜,17974534861817538,https://www.instagram.com/p/Cj6sjLEpYeV/,IMAGE,43,4,2022-10-20 01:29:30+00:00,https://scontent-sea1-1.cdninstagram.com/v/t51.29350-15/312384053_765158961318895_4424121595961710858_n.jpg?_nc_cat=101&ccb=1-7&_nc_sid=8ae9d6&_nc_ohc=xEhhhnQ2qHEAX-1Uhj4&_nc_ht=scontent-sea1-1.cdninstagram.com&edm=AL-3X8kEAAAA&oh=00_AT-dFfgxTYWmS-HT4GFB44LMhvVxDozEz3fFFbrBTW9xUA&oe=635CDA69,"[10-11월의 NEW COURSE]

두 달마다 새로워지는 와인소셜의 와인 테이스팅 코스
10-11월 코스에는 어떤 와인들이 큐레이팅 되었을까요?
열심히 준비한 이번 코스도 많은 관심 부탁드립니다.

그동안 만나보지 못했던,
샴페인과 디저트 와인까지 준비 완료.

메뉴가 궁금하다면,
프로필 링크에서 확인하실 수 있습니다.

𝘍𝘦𝘦𝘭 𝘛𝘩𝘦 𝘞𝘪𝘯𝘦, 𝘞𝘐𝘕𝘌 𝘚𝘖𝘊𝘐𝘈𝘓

✔낮 2시부터 오픈(월,화 휴무)
📍 강남구 압구정로46길 71-1 2층",2022-10-26,86
와인소셜,17848942175853860,https://www.instagram.com/p/Cj1ZgemPB5d/,IMAGE,76,3,2022-10-18 00:06:54+00:00,https://scontent-sea1-1.cdninstagram.com/v/t51.29350-15/311765825_1209944909564087_4677668412149942280_n.jpg?_nc_cat=100&ccb=1-7&_nc_sid=8ae9d6&_nc_ohc=t_YrLgkkRzgAX8Ag86O&_nc_ht=scontent-sea1-1.cdninstagram.com&edm=AL-3X8kEAAAA&oh=00_AT9DzMQLzl0bxV69095xYCc9TXLv67y8iNaGcB4RbpImTw&oe=635DEB6D,"[휴무 안내]

19일(수), 내일은 대관 행사로 인해 하루 더 쉬어갑니다.
20일(목)부터 정상 운영되오니 방문에 참고 부탁드립니다.

감사합니다.

-
📌프로필 링크 타고, 지금 바로 예약하기
(* 네이버 예약 또는 캐치테이블 예약 가능)",2022-10-26,152
테이스팅 와인샵 와인도어,18189367789227928,https://www.instagram.com/reel/CkA2rlNBr58/,VIDEO,34,0,2022-10-22 11:00:59+00:00,,"와인도어에 오시면 매일 새로운 와인들을 즐기고 경험할수 있습니다. 
와인가이드와 테이스팅하시면서 나만의 와인취향을 찾아보세요 😀

📞예약문의: 010-6389-4908

‘Everyday Tasting’
전문 와인 테이스팅샵 | 와인도어 

-WINE LIST-
BLANK BOTTLE ORBITOFRONTAL CORTEX
블랭크 보틀 오르비토프론탈 코르텍스
.
BLANK BOTTLE LITTLE WILLIAM
블랭크 보틀 리틀 윌리엄
.
False Bay Slow Chenin Blanc
펄스베이 슬로우 슈냉블랑
.
Cattin Sauvage Alsace Gewurztraminer
까땅 소바주 알자스 게부르츠트라미너
.
Posta Piana Fiano Greco
포스타 피아나 피아노 그레코
.
Bodegas ATECA Garnacha
보데가 아테카 가르나차
.
푸에고 블랑코 말벡-시라
Fuego Blanco Malbec-Syrah
.
Radacini – Reserve Red
라다치니 리저브 레드

#남아공와인#프랑스와인#이태리와인#스페인와인#몰도바와인#와인#와인추천#와인시음#와인테이스팅#와인행사#와인한잔#와인스타그램#와인샵_와인도어",2022-10-26,68
테이스팅 와인샵 와인도어,18065657197328272,https://www.instagram.com/reel/Cj-SCXGBzvT/,VIDEO,58,0,2022-10-21 10:56:44+00:00,,"국보를 담아낸 와인 ‘마주앙 샴페인’ 

한번쯤 들어보셨던 국산 1호와인 마주앙 브랜드 맞습니다. 
이번에 프랑스 최고급 그랑크뤼밭 메르쉬르 오제에서 재배한 샤도네이로 와인을 만들었습니다. 그리고 이번 한정판 레이블은 간송미술문화재단이 소장중인 국보 제 294호 ‘백자초충문병’을 채택되어 더 품위를 높였습니다. 

샴페인을 사랑하시는분. 놓치지 마세요. 

*생산자: 베르나르 페르투아
*품종: 샤르도네 100% (블랑드블랑)
*국가/지역: 프랑스/샹파뉴

#샴페인#그랑크뤼#스파클링와인#와인#와인추천#프랑스와인#마주앙#샴페인러버#와인러버#와인테이스팅#와인시음#와인샵_와인도어",2022-10-26,116
테이스팅 와인샵 와인도어,17984919850581644,https://www.instagram.com/reel/Cj70qyBhbqv/,VIDEO,59,0,2022-10-20 12:03:22+00:00,,"와인도어는 고객분들의 와인경험과 취향에 맞춰 테이스팅을 진행하고 있습니다. 이번에는 치즈는 물론 보쌈.야채 셀러드하고 훌륭한 와인페어링을 보여주었던 몰도바 ‘카르페디엠’ 와인과 함께 했습니다. 

가족,친구,연인,회사동료 모두모두 환영입니다 ~

🍷 예약문의
010-6389-4908 (와인도어)
Winedoor@naver.com

#와인세미나#와인강의#와인강사곽성진 #몰도바와인#카르페디엠#와인#와인추천#열정#시음행사#와인시음#와인테이스팅#와인샵_와인도어",2022-10-26,118
테이스팅 와인샵 와인도어,17948131538122096,https://www.instagram.com/p/Cj4nV-rBlRK/,IMAGE,131,3,2022-10-19 06:05:31+00:00,https://scontent-sea1-1.cdninstagram.com/v/t51.29350-15/312045455_1805739496437080_8051941119169718429_n.jpg?_nc_cat=104&ccb=1-7&_nc_sid=8ae9d6&_nc_ohc=38FD_f3RUs0AX_MT-kN&_nc_ht=scontent-sea1-1.cdninstagram.com&edm=AL-3X8kEAAAA&oh=00_AT8LxDgwcmhOcma-i86XXPahFeqsBLPZHtmR59DPzxXP4Q&oe=635D63B7,"🗝
안녕하세요 와인도어입니다. 
이번주도 데일리와인부터 프리미엄와인들까지 
8종의 와인들이 업데이트 되었습니다 😎

와인가이드와 테이스팅하시면서 나만의 와인취향을 찾아보세요 😀

.
BLANK BOTTLE ORBITOFRONTAL CORTEX
블랭크 보틀 오르비토프론탈 코르텍스

국가/지역: 남아공 / 스텔렌 보쉬
품종: 베르델호, 팔로미노,바이세르 리슬링, 하르스레벨뤼, 게브르츠트라미너,크루첸 블랑, 슈냉블랑, 비오니에
알코올 도수: 13.5%
빈티지: 2018

.
BLANK BOTTLE LITTLE WILLIAM
블랭크 보틀 리틀 윌리엄

국가/지역: 남아공 / 세레스
품종: 쉬라
알코올 도수: 13%
빈티지: 2018

.
False Bay Slow Chenin Blanc
펄스베이 슬로우 슈냉블랑

국가/지역: 남아공/펄스베이
품종: 슈냉블랑
알코올 도수: 13.0%
빈티지: 2021

.
Cattin Sauvage Alsace Gewurztraminer
까땅 소바주 알자스 게부르츠트라미너

국가/지역: 프랑스 > 알자스
품종: 게브르츠 트라미너
알코올 도수: 13.5%
빈티지: 2020

.
Posta Piana Fiano Greco
포스타 피아나 피아노 그레코

국가/지역: 이태리/풀리아
품종: 피아노 60%, 그레코 40%
알코올 도수: 12.5%
빈티지: 2020

.
Bodegas ATECA Garnacha
보데가 아테카 가르나차

국가/지역: 스페인/칼라타유드
품종: 가르나차
알코올 도수: 15.5%
빈티지: 2016

.
푸에고 블랑코 말벡-시라
Fuego Blanco Malbec-Syrah

국가/지역: 아르헨티나/산 후안/페데르날 밸리
품종: 말벡 60%, 시라 40%
알코올 도수: 14.3%
빈티지: 2019

.
Radacini – Reserve Red
라다치니 리저브 레드

국가/지역: 몰도바/코드루
품종: 까베르네 소비뇽. 멜롯. 쉬라
알코올 도수: 13%
빈티지: 2016

📞예약문의: 010-6389-4908

‘Everyday Tasting’
전문 와인 테이스팅샵 | 와인도어",2022-10-26,262
테이스팅 와인샵 와인도어,17959194479099010,https://www.instagram.com/reel/Cj2c51XBJII/,VIDEO,158,6,2022-10-18 09:56:28+00:00,https://video-sea1-1.cdninstagram.com/v/t50.33967-16/312208706_180306391197782_5084890992163607872_n.mp4?_nc_cat=105&vs=1087089192095824_561052507&_nc_vs=HBksFQAYJEdFTHRteEpXNkdYYS1LTUFBRURWZnAxcUtaRkdicV9FQUFBRhUAAsgBABUAGCRHTGpmbkJKNHIzWTV0WDhCQU5ZOE15TUFhUE53YnFfRUFBQUYVAgLIAQAoABgAGwGIB3VzZV9vaWwBMRUAACaYhu6Jv5jZPxUCKAJDMywXQCL9cKPXCj0YEmRhc2hfYmFzZWxpbmVfMV92MREAdQAA&ccb=1-7&_nc_sid=59939d&efg=eyJ2ZW5jb2RlX3RhZyI6InZ0c192b2RfdXJsZ2VuLjcyMC5jbGlwcyJ9&_nc_ohc=vekvzCbai18AX_UDRhb&_nc_ht=video-sea1-1.cdninstagram.com&edm=AL-3X8kEAAAA&oh=00_AT-i8pInaVDMBEVRtYsDlBiyuMcG77VAwUVS88L_FTkZew&oe=635910EF&_nc_rid=94d573ff99,"와인도어에서 마실때가 더 맛있다고요? 
왜그런지 아세요? 

#당신만을위한#와인가이드#취향저격#와인테이스팅#와인시음#와인행사#와인#와인추천#와인샵_와인도어",2022-10-26,316
주류학개론,17852110649825432,https://www.instagram.com/p/Cj-GS1Fhche/,CAROUSEL_ALBUM,527,3,2022-10-21 09:12:11+00:00,https://scontent-sea1-1.cdninstagram.com/v/t51.29350-15/312070922_877069146625220_7021535303520122682_n.jpg?_nc_cat=101&ccb=1-7&_nc_sid=8ae9d6&_nc_ohc=7rKJ4pUcB5gAX_7LVLb&_nc_oc=AQnHkaWJm10hXqj1raQL56tanSpg0i0E0ANgMug2D2AVTxcI7-CPDX34sRMtQOvgC1I&_nc_ht=scontent-sea1-1.cdninstagram.com&edm=AL-3X8kEAAAA&oh=00_AT_QaKaQVNhaY9yV5IlYklr5GAgtZwJvkMBeGbsmBkXHfw&oe=635C7FCB,"오늘은!
오렌지 향이 3배 강한 오렌지 뿜뿜!🍊
코스트코에서 싸게 구할 수 있는!

칵테일에 에스프레소가 들어간다?!☕
칵테일 레시피가 궁금하신가요?🍸

궁금하시면 지금 바로 유튜브ㄱㄱ
주류학개론 '쿠앵트로'를 검색해주세요!",2022-10-26,1054
주류학개론,17908462622646362,https://www.instagram.com/reel/Cj473jShVMn/,VIDEO,267,2,2022-10-19 09:05:14+00:00,https://video-sea1-1.cdninstagram.com/v/t50.33967-16/309434869_2956563297985968_6479291091986477041_n.mp4?_nc_cat=102&vs=1300263154065867_3126652554&_nc_vs=HBksFQAYJEdQV1pjUkt3NVNHSl9vQUtBUEh2TkY3ckVPdFpicV9FQUFBRhUAAsgBABUAGCRHT2tubXhLQ082WDg0WFFDQUd4NUw0LTB4TEIzYnFfRUFBQUYVAgLIAQAoABgAGwGIB3VzZV9vaWwBMRUAACasnduPvL3PQBUCKAJDMywXQEoMSbpeNT8YEmRhc2hfYmFzZWxpbmVfMV92MREAdQAA&ccb=1-7&_nc_sid=59939d&efg=eyJ2ZW5jb2RlX3RhZyI6InZ0c192b2RfdXJsZ2VuLjcyMC5jbGlwcyJ9&_nc_ohc=lBAWGEgbvwIAX9V7cn9&_nc_ht=video-sea1-1.cdninstagram.com&edm=AL-3X8kEAAAA&oh=00_AT9llmwqy8rFcEfS5EYc5o3d-wy9YNEkSYyA7fmbmzxjYg&oe=635918A7&_nc_rid=005666d526,"오늘은!
맛있는 건 비싸고?!
비싼 건 맛있는?!

온갖 상을 휩쓴 위스키?!
유튜브에 주류학개론 위도우 제인을 검색해보세요

자세한 내용은
’주류학개론‘ 채널에서
많은 시청 부탁드립니다!",2022-10-26,534
주류학개론,17963216947968844,https://www.instagram.com/reel/CjzxryqBBbO/,VIDEO,540,8,2022-10-17 09:00:13+00:00,https://video-sea1-1.cdninstagram.com/v/t50.33967-16/312048578_1439857593189752_312399054913390182_n.mp4?_nc_cat=104&vs=678394973951309_2512853710&_nc_vs=HBksFQAYJEdNSjdtUko0aFY3NGloMEZBR2JHUndoSjNWVUVicV9FQUFBRhUAAsgBABUAGCRHT3RfbUJKTGM5b2hscDBBQUJPZGY5UHhKLU5nYnFfRUFBQUYVAgLIAQAoABgAGwGIB3VzZV9vaWwBMRUAACaEuYPq1PXRPxUCKAJDMywXQEsONT987ZEYEmRhc2hfYmFzZWxpbmVfMV92MREAdQAA&ccb=1-7&_nc_sid=59939d&efg=eyJ2ZW5jb2RlX3RhZyI6InZ0c192b2RfdXJsZ2VuLjcyMC5jbGlwcyJ9&_nc_ohc=idh_QzBtAsYAX-DB7ju&_nc_ht=video-sea1-1.cdninstagram.com&edm=AL-3X8kEAAAA&oh=00_AT9bRzSX1kJuDPIHO73iAw5FsVbW8u1AHUDI0OjbZW0EDQ&oe=63590A73&_nc_rid=6d90f6554b,"오늘은!
5성급 호텔바에서 바 투어 컨텐츠!
라운지바에서 칵테일 먹기!

바에 컨셉, 매너, 분위기가 궁금하다면!
유튜브에 주류학개론 WC호텔를 검색해보세요!

자세한 내용은
'주류학개론'채널에서
많은 시청부탁드립니다!",2022-10-26,1080
달리 Dali 주류 스마트오더,17933139194363728,https://www.instagram.com/p/Cj-CoZ1BWNc/,CAROUSEL_ALBUM,178,7,2022-10-21 08:40:10+00:00,https://scontent-sea1-1.cdninstagram.com/v/t51.29350-15/312304194_1127035384603938_5625090629948407104_n.jpg?_nc_cat=102&ccb=1-7&_nc_sid=8ae9d6&_nc_ohc=37rlBS2uRvcAX9BNcqQ&_nc_ht=scontent-sea1-1.cdninstagram.com&edm=AL-3X8kEAAAA&oh=00_AT-Kkx_f0YUVStnQEhuaCAu_z9javGITBBj1MNK5kgQfdw&oe=635D0916,"이렇게 고급스럽고 예쁜 황동잔 보셨나요? 

달리가 일품진로 6병과 함께 일품진로를 더욱 즐길 수 있는 진로 황동잔 2개입 선물박스를 선보입니다 ❤️‍🔥

뛰어난 보온/보냉성과 내구성에 고급스러운 패키지와 디자인까지 🎁 선물하기 딱 좋은 제품이랍니다. 실제로 얼마 전 여의도 더현대 서울에서 열린 진로 1924 헤리티지 팝업 스토어에서도 엄청난 인기를 보였다고 해요 🤩

현장에서 바로 즐길 수 있는 콜키지 이벤트도 진행되고 있으니 확인해보세요! 콜키지 이벤트 상품 구매시 달리 콜키지 매장 7곳의 맛있는 음식과 함께 일품진로를 즐길 수 있어요 😋😋

*사진 속 파란색 진로 두꺼비 피규어는 상품에 포함되어 있지 않습니다. 

#달리 #dali #달리주류스마트오더 #주류스마트오더 #스마트오더서비스 #주류문화 #술주문 #술추천 #술선물 #와인 #위스키 #스피릿 #보드카 #럼 #진 #데킬라 #리큐르 #브랜디 #맥주 #전통주 #술스타그램 #술 #진로 #일품진로 #일품진로황동잔",2022-10-26,356
달리 Dali 주류 스마트오더,17962233841991820,https://www.instagram.com/p/Cj5Dm7Kh_UO/,CAROUSEL_ALBUM,189,3,2022-10-19 10:12:30+00:00,https://scontent-sea1-1.cdninstagram.com/v/t51.29350-15/312131997_197083539436214_1718432525094287735_n.jpg?_nc_cat=101&ccb=1-7&_nc_sid=8ae9d6&_nc_ohc=4Y2Gt1bOIRwAX8RDqpx&_nc_ht=scontent-sea1-1.cdninstagram.com&edm=AL-3X8kEAAAA&oh=00_AT_lfxasslS45a-oXhfvfz5OhByJZd8LIvS-c_t_mzxRgA&oe=635E28D3,"💚 달리 X 디아지오 VIP 시음회 💚 in 코블러 연희

지난주 토요일, 코블러 연희에서 달리와 디아지오가 연 VIP 시음회가 있었습니다. 
달리에서 진행된 이벤트를 통해 달리 이용자 분들 중 5명을 선정해 초청했고,  서울 연희동의 ‘일상 속 쉼표'와 같은 공간인 코블러 연희 cobbler_yeonhee 2층에서 프라이빗하게 진행되었어요. 😉

시음회는 싱글톤 위스키 시음, 그리고 텐커레이 베이스드 칵테일 메이킹의 순서로 이루어졌어요.

싱글톤 위스키는 글로벌 Top 5이자 아시아 No.1 위스키로 버번과 쉐리 더블 캐스크에 숙성한 부드럽고 친근한 뉘앙스의 위스키입니다. 디아지오 직원 분의 설명을 곁들인 버티컬 테이스팅으로 시음했어요.

✅ 버번 뉘앙스의 싱글톤 12년
✅ 쉐리 뉘앙스의 싱글톤 15년 
✅ 미네랄 뉘앙스의 싱글톤 19년까지 비교 시음 해봤는데요,
특히 싱글톤 19년 글렌듈란 2021 스페셜 릴리스는 CS로 54.6도임에도 부드러운 맛을 느껴져 각기 매력이 달랐습니다. 

그 후, 시트러스한 맛이 매력적인 텐커레이 NO.10을 사용해
✅ 레몬과 라임, 자몽 가니쉬를 이용한 진토닉
✅ 패션후르츠와 홍차 시럽을 사용하며 만든 시트러스 칵테일
✅ 스파클링 와인이 들어가는 블룸 칵테일 
총 3가지의 칵테일을 만들었어요.

소규모로 프라이빗 룸에서 화기에애 진행되며 달리 이용자 분들과 즐거운 토요일 오후를 보낼 수 있었답니다 🫶

앞으로도 달리 커뮤니티는 취향을 잇는 이벤트로 가득할 테니
달리와 달리 커뮤니티 많관부~ ❣❣❣

#달리 #dali #달리주류스마트오더 #주류스마트오더 #스마트오더서비스 #주류문화 #술주문 #술추천 #술선물 #와인 #위스키 #스피릿 #보드카 #럼 #진 #데킬라 #리큐르 #브랜디 #맥주 #전통주 #술스타그램 #술 #텐커레이 #싱글톤 #라이프위드달리 #라위달 #달리커뮤니티",2022-10-26,378
WSA와인아카데미,17988683230559206,https://www.instagram.com/p/Cj2M9fyBkDb/,CAROUSEL_ALBUM,266,4,2022-10-18 07:36:30+00:00,https://scontent-sea1-1.cdninstagram.com/v/t51.29350-15/311969109_756664345309269_4669528005675433747_n.jpg?_nc_cat=102&ccb=1-7&_nc_sid=8ae9d6&_nc_ohc=HT7ebinY-NYAX9Uv7Ff&_nc_ht=scontent-sea1-1.cdninstagram.com&edm=AL-3X8kEAAAA&oh=00_AT8cm1AvACtOD0s0Mq9gGkZLMYVqtG3-yghzoAHrOJhD5A&oe=635E60E4,"10/16일
와인리스트 X 2병
저희 와인리스트😎
.
FWS
West L3
Wset L2
저녁강의만 요정도,,,,,🤘
이 중 오늘의 원픽은----?????
.
.
바로바로!!!!#🥂🥂🥂🥂🥂🥂🥂🥂🥂
Champagne Bollinger La Grande Annee 2014

Pinot Noir 61%, Chardonnay 39%

발효는 소형 오크 배럴!

Champagne 

Dosage 8g/L

산미가..............GOOOOOOOOOD
우와 소리가 나오는 산도!
누아의 볼륨감!
👏👏👏👏👏👏👏",2022-10-26,532
나라셀라 • NARA CELLAR,17844052949871840,https://www.instagram.com/reel/Cj9QLrED44Z/,VIDEO,42,3,2022-10-21 01:21:03+00:00,https://video-sea1-1.cdninstagram.com/v/t50.33967-16/311603211_504931887937153_6041867635067612827_n.mp4?_nc_cat=103&vs=752792169926172_87876888&_nc_vs=HBksFQAYJEdBdXdraEtCOXRDZE84c0JBSnR1SWxpYUJ0bFRicV9FQUFBRhUAAsgBABUAGCRHRFJ1b0JJWGkyU0VZMDRDQUdpdVNmVUhnMDg5YnFfRUFBQUYVAgLIAQAoABgAGwGIB3VzZV9vaWwBMRUAACbKuvLgl%2BeHQBUCKAJDMywXQDggAAAAAAAYEmRhc2hfYmFzZWxpbmVfMV92MREAdQAA&ccb=1-7&_nc_sid=59939d&efg=eyJ2ZW5jb2RlX3RhZyI6InZ0c192b2RfdXJsZ2VuLjcyMC5jbGlwcyJ9&_nc_ohc=0Uw-HzaNMJMAX8T7hxi&_nc_ht=video-sea1-1.cdninstagram.com&edm=AL-3X8kEAAAA&oh=00_AT99sO-eh1fy-LeAgSQ9KmiRVatRnrTIOKNN-yj6EqA6-A&oe=635900E9&_nc_rid=dcefddc0b1,"HAPPY HALLOWEEN 💀 

와인픽스 동탄점은
할로윈 준비 완료!

호박 모자 쓰고 사진 찍을 사람🙌🏻🙌🏻

※지나친 음주는 뇌졸중, 기억력 손상이나 치매를 유발합니다.
※임신 중 음주는 기형아 출생 위험을 높입니다.",2022-10-26,84
나라셀라 • NARA CELLAR,17940559040259658,https://www.instagram.com/p/Cj4n0ITyppY/,CAROUSEL_ALBUM,109,9,2022-10-19 06:09:38+00:00,https://scontent-sea1-1.cdninstagram.com/v/t51.29350-15/312180693_2224768124349516_2080538488453238550_n.jpg?_nc_cat=104&ccb=1-7&_nc_sid=8ae9d6&_nc_ohc=yc1DNwr1pDwAX8VIWH_&_nc_ht=scontent-sea1-1.cdninstagram.com&edm=AL-3X8kEAAAA&oh=00_AT8oewnmxsKS324rDT-yCl6lqBLopdSlnsFkNi5xMzqYBg&oe=635E142C,"와린이를 위한 새로운 있어빌리티
#와인인문학

‘교황의 와인’이라 불리는
#샤또뇌프뒤빠프🍷

그리고 샤또뇌프 뒤 빠프 와인의 탄생과
밀접한 관련이 있는 #아비뇽유수 사건
 
와인에 담긴 역사이야기 
나라셀라 와인인문학에서 확인해보세요✔

※지나친 음주는 뇌졸중, 기억력 손상이나 치매를 유발합니다.
※임신 중 음주는 기형아 출생 위험을 높입니다.",2022-10-26,218
나라셀라 • NARA CELLAR,17949580994100828,https://www.instagram.com/p/CjzZSUGyC9y/,CAROUSEL_ALBUM,240,21,2022-10-17 05:26:29+00:00,https://scontent-sea1-1.cdninstagram.com/v/t51.29350-15/311967988_1281595726006913_5309000415948729184_n.jpg?_nc_cat=108&ccb=1-7&_nc_sid=8ae9d6&_nc_ohc=gnv0qOzn45AAX9evfMZ&_nc_ht=scontent-sea1-1.cdninstagram.com&edm=AL-3X8kEAAAA&oh=00_AT9_UZoiz2eYSM1UKh8amFi4YZOJYclk1h1V9yiOapDNbw&oe=635DFD7C,"나라셀라와 함께 떠나는 와인 여행! 🤓
#와인여지도

각 나라를 대표하는 와인들을 
키치한 일러스트로 만나보세요👐🏻

이 달의 여행은 
프랑스 #보르도 #부르고뉴 #🇫🇷
로 떠나볼까요?

📍로버트 파커가 극찬한 보르도 와인 #샤또드파랑쉐 🍇
📍샤블리하면 바로 이맛 아닙니까 #윌리엄페브르
📍300년 역사의 부르고뉴의 와인 명가 #부샤뻬레에피스
📍여성 와인메이커의 퀄리티 와인 #마셀드샹제 까지!

프랑스 와인 완주 도전👊🏻
다음편도 많은 기대 부탁드려요.

※지나친 음주는 뇌졸중, 기억력 손상이나 치매를 유발합니다.
※임신 중 음주는 기형아 출생 위험을 높입니다.",2022-10-26,480
와인비전 Winevision,17986214476615892,https://www.instagram.com/p/CkAOWp_vtL9/,IMAGE,38,0,2022-10-22 05:01:05+00:00,https://scontent-sea1-1.cdninstagram.com/v/t51.2885-15/312390355_2136117746591467_7285588476518136529_n.jpg?_nc_cat=105&ccb=1-7&_nc_sid=8ae9d6&_nc_ohc=oaQwEAJjPkEAX-7PAgu&_nc_ht=scontent-sea1-1.cdninstagram.com&edm=AL-3X8kEAAAA&oh=00_AT8x32CjFfw0EZx7wQyv5u_r_3pv2fPfaKLJFRxX6ElOcg&oe=635E2206,"#마시자매거진 #무료신청 mashija.magazine 
""신청일을 놓치면 유료로 구매해야합니다!""
매일같이 쏟아지는 기후 변화에 대한 뉴스가 지겹게 느껴지나요? 하지만 땅을 일궈 만드는 술은 그 어떤 분야보다 기후와 밀접하게 관련되어 있기에 이를 반복한다 해도 결코 과하지 않을 것입니다.
오늘의 이 맛있는 술을 내일도 모레도, 그리고 나의 아이가 성인이 되어서도 함께 즐기고 싶지 않나요? 마시자매거진과 함께 기후 변화에 대해 공부해봅시다!

배송 신청기간을 넘기면, 과월호는 유료로 구매!~ 무료로 받을 수 있는 기회, 놓치지 마세요!

>> 배송 신청: 프로필 링크에서!

2022년 10월 26일과 11월 2일, 2차례 신청 취합하여 발송됩니다. 많은 관심 부탁드려요!
.
.
#와인스타그램 #와인비전 #와인비전프레스 #와인매거진 #와인잡지 #지면잡지 #매거진 #와인추천 #와인맛집 #레드와인공부 #화이트와인공부 #와인전문가 #소믈리에 #와인소믈리에 #와인정보 #핫플레이스 #라이프스타일 #취미생활 #주류매거진",2022-10-26,76
와인비전 Winevision,18187966282208196,https://www.instagram.com/p/Cj_yzGqPy-h/,IMAGE,75,0,2022-10-22 01:00:18+00:00,https://scontent-sea1-1.cdninstagram.com/v/t51.2885-15/312224338_199951019147694_89283655841615500_n.jpg?_nc_cat=111&ccb=1-7&_nc_sid=8ae9d6&_nc_ohc=D7LQ7NILNCoAX8gowTH&_nc_ht=scontent-sea1-1.cdninstagram.com&edm=AL-3X8kEAAAA&oh=00_AT9Zx12yHrB1nb3STVaQdtwgjk4Wr8E4bBZgKUzxSJOSNA&oe=635D4907,"와인을 공부하면서 알아가는 나의 와인 취향 
누군가와 함께 즐거움을 나눌 수 있다는 것은
더욱 큰 행복입니다. 🥰

와인비전 WSET 국제와인전문가인증,  원데이 입문반 부터 초중급 통합 과정.
고급 과정까지 주중반과 주말반, 대면과 원격 비대면 반으로 선택 수강 가능합니다.
와인비전의 동문이 되면 받을 수 있는 많은 혜택, 놓치지 마세요!

교육 프로그램 및 이벤트 일정 프로필의 링크 클릭!
.
.
#와인스타그램 #와인공부 #와인비전 #와인정보 #와인맛집 #소믈리에 #와인정보 #와인추천 #와인클래스 #와인강의 #와인자격증 #와인 #레드와인추천 #화이트와인추천 #와인샵 #와인바 #와인스타그램 #wset #wset와인비전",2022-10-26,150
와인비전 Winevision,17851885565847792,https://www.instagram.com/reel/Cj988zXBdmj/,VIDEO,33,0,2022-10-21 07:51:35+00:00,https://video-sea1-1.cdninstagram.com/v/t50.33967-16/312351740_443269017944309_2857899216958020826_n.mp4?_nc_cat=102&vs=824139895401730_1913381504&_nc_vs=HBksFQAYJEdQd2JuaEwxd0ZxY0pwTUJBTnBjcGk0eVRLa25icV9FQUFBRhUAAsgBABUAGCRHSHR2blJKc01XYm1fR01GQUVtNmpfRjlOT2h0YnFfRUFBQUYVAgLIAQAoABgAGwGIB3VzZV9vaWwBMRUAACbKsd6Q1qnuPxUCKAJDMywXQFaAAAAAAAAYEmRhc2hfYmFzZWxpbmVfMV92MREAdQAA&ccb=1-7&_nc_sid=59939d&efg=eyJ2ZW5jb2RlX3RhZyI6InZ0c192b2RfdXJsZ2VuLjcyMC5jbGlwcyJ9&_nc_ohc=zXzBqul0O-wAX8ZUNiy&_nc_ht=video-sea1-1.cdninstagram.com&edm=AL-3X8kEAAAA&oh=00_AT_9PhOaHJmMk4AxmzgSf2OQX5eudrtKDOdAzyooFef9ZA&oe=635907F0&_nc_rid=96a2fb5cfe,"#티켓오픈 #DWWA2022SEOUL #시음회 
 🏆DWWA 2022 SEOUL Medal Winners’ Tasting🍷

올해로 20년째를 맞는 Decanter World Wine Awards(DWWA)는 타의 추종을 불허하는 영향력을 가진 세계 최대의 와인 품평회입니다. 전 세계 최고의 와인 전문가들이 평가하는 DWWA는 엄격한 심사 과정으로 국제적으로 신뢰를 받고 있습니다.

Decanter World Wine Awards는 해당 분야의 최고 전문가인 마스터 오브 와인과 마스터 소믈리에를 비롯한 세계 최고의 와인 전문가들로 구성된 세계 정상급 심사위원단으로 국제적으로 인정받고 있습니다. 와인비전 방문송 원장도 오랜 기간 DWWA의 국제 심사 위원을 맡고 있습니다.

이번 와인비전에서 진행되는 DWWA 2022 SEOUL Medal Winners Tasting 에서는 국내 미수입 와인들을 한 자리에서 만날 수 있으며, 와인 애호가들 뿐만 아니라 수입 업계 종사자에게는 좋은 기회의 장이 될 수 있습니다.

[일 시]
2022년 11월 18일 금요일 오후 6시 ~10시 (자율 시음)

[장 소]
서울 강남구 선릉로 135길 12, 와인비전
(지하 1층 와인 아카이브)

[시음 와인]
100 여종 (‘Best in Show’, ‘골드 메달 와인’ 을 포함 DWWA 2022 수상 와인)

[참 가 비]
일반 : 8만 9천원 / 와인비전 동문 (멤버십 카드 보유가) : 5만 9천원 / 수입사 :  5만 9천원

*와인비전 동문은 본인 외 1인 까지 할인 가격 적용
*수입사 운영자 및 직원은 할인 가격으로 티켓 구매 후,  인증을 위해 010- 7365-1855 번으로 명함 사진을 찍어보내주셔야 합니다. 수입사 명함 인증이 안될 경우, 티켓은 자동 취소 처리 됩니다. 
*참가자에게는 리델 스월 글라스를 제공하며, 테이스팅 후 챙겨드리는 케이스에 담아 가져가시면 됩니다.

👉자세한 심사위원 소개 및 예약은 프로필 링크 클릭! or 네이버에서 ‘와인비전’ 검색
.
.
#디캔터월드와인어워즈 #디캔터어워즈 #와인품평회 #와인테이스팅 #와인이벤트 #소믈리에 #와인애호가 #와인전문가 #와인추천 #와인맛집 #와인공부 #와인아카데미 #와인바 #와인샵 #decanter #decantermagazine #디캔터매거진 #와인대회 #decanterworldwineawards #winetasting #wineevent #sommelier",2022-10-26,66
와인비전 Winevision,17942808110216756,https://www.instagram.com/reel/Cj96iinBZFq/,VIDEO,73,0,2022-10-21 07:34:42+00:00,,"제 3회 #봉봉와인살롱 1&2부 전문인 시음회가 진행중입니다! 🔥 3부 일반인 시음회는 잠시후 7시부터 진행됩니다. 오늘 하루종일 와인 아카이브는 HoT 태 HOT태!🔥🔥🍷😍
#와인스타그램 #와인추천 #와인바 #와인샵추천 #와인맛집 #와인시음회 #와인전문가 #소믈리에 #레스토랑 #파인다이닝 #와인공부 #와인 #와린이 #와인수입사 #와인어플추천 #프랑스와인 #이탈리아와인 #독일와인 #스페인와인",2022-10-26,146
와인비전 Winevision,17983424971632828,https://www.instagram.com/p/Cj7MVGCh-rP/,CAROUSEL_ALBUM,113,0,2022-10-20 06:07:12+00:00,https://scontent-sea1-1.cdninstagram.com/v/t51.29350-15/311889187_519138343556190_7652337673115146182_n.jpg?_nc_cat=103&ccb=1-7&_nc_sid=8ae9d6&_nc_ohc=jntDxI4vSXoAX8QanoK&_nc_ht=scontent-sea1-1.cdninstagram.com&edm=AL-3X8kEAAAA&oh=00_AT8hMzIEu-4KA73Xrm3RTO-3CR02JyzBBgQ8EYSq_zu1pA&oe=635D89D2,"#Repost zxxfns with use.repost
・・・
😍선주님 국제와인전문가인증 합격을 축하합니다 🍷💫 앞으로도 즐거운 와인라이프를 와인비전이 응원합니다 🌝🥂🫰🏻

WSET 개강일정은 프로필의 링크 클릭🔍
#와인스타그램 #wset #와인자격증 #와인전문가 #와인애호가 #와인소믈리에 #와인테이스팅 #와인입문 #와인추천 #와인맛집",2022-10-26,226
와인비전 Winevision,17946189134472696,https://www.instagram.com/reel/Cj7HLajBG__/,VIDEO,34,0,2022-10-20 05:34:37+00:00,,"“Save the Paper📄, Save the Planet🌎”
봉봉 시음회, 종이로 된 리스트를 드리지 않습니다.🙅🏻‍♀️
#마시자go 어플리케이션을 다운받으시면,📲
수입사별 와인 정보가 한눈에! ❤️✨
봉봉에서 시음한 와인이 너무 맛있다?! 마시자 GO 앱에서 와인 설명보고 클릭 한 번으로 예약 주문 OK!

🚨와인이 준비되면 픽업 알람으로 알려드립니다.
와인 정보 & 구매를 한 번에 🍷 마시자Go 어플로 더욱 즐겁고 편리한 와인생활 💫

문의 my_secret_cellar 010.3329.1855
#와인스타그램 #와인추천 #와인바 #와인샵추천 #와인맛집 #와인시음회 #와인전문가 #소믈리에 #레스토랑 #파인다이닝 #와인공부 #와인 #와린이 #와인수입사 #와인어플추천",2022-10-26,68
와인비전 Winevision,17943398708464200,https://www.instagram.com/p/Cj7Cgz_vmgb/,CAROUSEL_ALBUM,35,0,2022-10-20 04:41:25+00:00,https://scontent-sea1-1.cdninstagram.com/v/t51.2885-15/312055390_109914941815605_6399478017717335219_n.jpg?_nc_cat=101&ccb=1-7&_nc_sid=8ae9d6&_nc_ohc=3ChokdmLZrsAX_J6QMQ&_nc_ht=scontent-sea1-1.cdninstagram.com&edm=AL-3X8kEAAAA&oh=00_AT8xLoFJiN1tD5IFvMcNqCfiomWRpWZcEQSfTFlALw-Hvw&oe=635DD188,"📯제3회 봉봉 와인 살롱 참가 수입사 👉 pododanglilly 

◼︎ 와인 리스트 : 최소 105여 종 >> 마시자GO 어플을 미리 다운받아오세요! 와인리스트와 정보를 한눈에 확인할 수 있습니다.🔥 

◼︎ 일시 : 2022년 10월 21일 / 금요일
 일반인 시음회(3부) 오후 7시- 9시 30분 

*1&2부 전문인 시음회 참석안내는 개별로 진행되었습니다. 
문의 :  avengerswine_official 

◼︎ 장소 : 와인아카이브 (서울특별시 강남구 선릉로 135길 12, 와인비전 지하 1층)

봉봉 시음회 1,2,3부 티켓은 전량 SOLD OUT! 
감사합니다.🍷
.
.
#봉봉와인시음회 #내추럴와인 #유기농와인 #바이오다이나믹와인 #비오디나믹와인 #봉봉 #와인테이스팅 #와인시음회 #와인전문가 #와인애호가 #소믈리에 #와인샵 #와인바 #와인맛집 #와인데이트 #와인공부 #와인자격증 #와인수입사 #와인스타그램 #와인추천 #레드와인추천 #화이트와인추천 #스파클링와인 #와인매니아 #와인모임 #와인비전 #포도당와인",2022-10-26,70
와인비전 Winevision,17967830998812776,https://www.instagram.com/p/Cj7CRSnrnA7/,CAROUSEL_ALBUM,20,0,2022-10-20 04:39:18+00:00,https://scontent-sea1-1.cdninstagram.com/v/t51.2885-15/312204908_1194322151119807_5838640112441651626_n.jpg?_nc_cat=107&ccb=1-7&_nc_sid=8ae9d6&_nc_ohc=sY3W4Fb3TXoAX995Ljt&_nc_ht=scontent-sea1-1.cdninstagram.com&edm=AL-3X8kEAAAA&oh=00_AT9cgZ3I80nOSVA8kFEuBpzRd-PRuaqUAaSbRIs_CZHSOg&oe=635CA055,"📯제3회 봉봉 와인 살롱 참가 수입사 👉 terre_du_sud_2.0 

◼︎ 와인 리스트 : 최소 105여 종 >> 마시자GO 어플을 미리 다운받아오세요! 와인리스트와 정보를 한눈에 확인할 수 있습니다.🔥 

◼︎ 일시 : 2022년 10월 21일 / 금요일
 일반인 시음회(3부) 오후 7시- 9시 30분 

*1&2부 전문인 시음회 참석안내는 개별로 진행되었습니다. 
문의 :  avengerswine_official 

◼︎ 장소 : 와인아카이브 (서울특별시 강남구 선릉로 135길 12, 와인비전 지하 1층)

봉봉 시음회 1,2,3부 티켓은 전량 SOLD OUT! 
감사합니다.🍷
.
.
#봉봉와인시음회 #내추럴와인 #유기농와인 #바이오다이나믹와인 #비오디나믹와인 #봉봉 #와인테이스팅 #와인시음회 #와인전문가 #와인애호가 #소믈리에 #와인샵 #와인바 #와인맛집 #와인데이트 #와인공부 #와인자격증 #와인수입사 #와인스타그램 #와인추천 #레드와인추천 #화이트와인추천 #스파클링와인 #와인매니아 #와인모임 #와인비전 #테르드수드",2022-10-26,40
와인비전 Winevision,17983614313721094,https://www.instagram.com/p/Cj7CEPyAPFr/,CAROUSEL_ALBUM,25,0,2022-10-20 04:37:31+00:00,https://scontent-sea1-1.cdninstagram.com/v/t51.2885-15/312207298_165741086105533_3437323051654958805_n.jpg?_nc_cat=108&ccb=1-7&_nc_sid=8ae9d6&_nc_ohc=l-cVuE_sFtIAX_TFlN6&_nc_ht=scontent-sea1-1.cdninstagram.com&edm=AL-3X8kEAAAA&oh=00_AT895p7-heC6T-w0mSzbgxEocXP4vLJJ85jNRaZg1rTE7g&oe=635D0373,"📯제3회 봉봉 와인 살롱 참가 수입사 👉 winvino.korea 

◼︎ 와인 리스트 : 최소 105여 종 >> 마시자GO 어플을 미리 다운받아오세요! 와인리스트와 정보를 한눈에 확인할 수 있습니다.🔥 

◼︎ 일시 : 2022년 10월 21일 / 금요일
 일반인 시음회(3부) 오후 7시- 9시 30분 

*1&2부 전문인 시음회 참석안내는 개별로 진행되었습니다. 
문의 :  avengerswine_official 

◼︎ 장소 : 와인아카이브 (서울특별시 강남구 선릉로 135길 12, 와인비전 지하 1층)

봉봉 시음회 1,2,3부 티켓은 전량 SOLD OUT! 
감사합니다.🍷
.
.
#봉봉와인시음회 #내추럴와인 #유기농와인 #바이오다이나믹와인 #비오디나믹와인 #봉봉 #와인테이스팅 #와인시음회 #와인전문가 #와인애호가 #소믈리에 #와인샵 #와인바 #와인맛집 #와인데이트 #와인공부 #와인자격증 #와인수입사 #와인스타그램 #와인추천 #레드와인추천 #화이트와인추천 #스파클링와인 #와인매니아 #와인모임 #와인비전 #윈비노",2022-10-26,50
와인비전 Winevision,17930649146402920,https://www.instagram.com/p/Cj7B5HDLFdi/,CAROUSEL_ALBUM,18,0,2022-10-20 04:35:59+00:00,https://scontent-sea1-1.cdninstagram.com/v/t51.2885-15/311878483_428579059349312_8208912841156955558_n.jpg?_nc_cat=111&ccb=1-7&_nc_sid=8ae9d6&_nc_ohc=FdDkxaaNli4AX8-ZQDt&_nc_ht=scontent-sea1-1.cdninstagram.com&edm=AL-3X8kEAAAA&oh=00_AT90AHpPQAexfa3mCu_dYLrN7-ISjjrOzR57dDuCdRkXMQ&oe=635D45EE,"📯제3회 봉봉 와인 살롱 참가 수입사 👉 avengerswine_official 

◼︎ 와인 리스트 : 최소 105여 종 >> 마시자GO 어플을 미리 다운받아오세요! 와인리스트와 정보를 한눈에 확인할 수 있습니다.🔥 

◼︎ 일시 : 2022년 10월 21일 / 금요일
 일반인 시음회(3부) 오후 7시- 9시 30분 

*1&2부 전문인 시음회 참석안내는 개별로 진행되었습니다. 
문의 :  avengerswine_official 

◼︎ 장소 : 와인아카이브 (서울특별시 강남구 선릉로 135길 12, 와인비전 지하 1층)

봉봉 시음회 1,2,3부 티켓은 전량 SOLD OUT! 
감사합니다.🍷
.
.
#봉봉와인시음회 #내추럴와인 #유기농와인 #바이오다이나믹와인 #비오디나믹와인 #봉봉 #와인테이스팅 #와인시음회 #와인전문가 #와인애호가 #소믈리에 #와인샵 #와인바 #와인맛집 #와인데이트 #와인공부 #와인자격증 #와인수입사 #와인스타그램 #와인추천 #레드와인추천 #화이트와인추천 #스파클링와인 #와인매니아 #와인모임 #와인비전 #어벤져스와인",2022-10-26,36
와인비전 Winevision,18077932213315860,https://www.instagram.com/p/Cj7BqlyMDiM/,CAROUSEL_ALBUM,47,0,2022-10-20 04:34:01+00:00,https://scontent-sea1-1.cdninstagram.com/v/t51.2885-15/312132840_3444049185840373_8237420159093530272_n.jpg?_nc_cat=106&ccb=1-7&_nc_sid=8ae9d6&_nc_ohc=b7QuP4Cg46UAX-WNHI3&_nc_ht=scontent-sea1-1.cdninstagram.com&edm=AL-3X8kEAAAA&oh=00_AT-7nujToa5UehhReRagMqC_rm85AaK6GnR1NX1lZnyr8w&oe=635D4906,"📯제3회 봉봉 와인 살롱 참가 수입사 👉 vinovino_co_ltd 

◼︎ 와인 리스트 : 최소 105여 종 >> 마시자GO 어플을 미리 다운받아오세요! 와인리스트와 정보를 한눈에 확인할 수 있습니다.🔥 

◼︎ 일시 : 2022년 10월 21일 / 금요일
 일반인 시음회(3부) 오후 7시- 9시 30분 

*1&2부 전문인 시음회 참석안내는 개별로 진행되었습니다. 
문의 :  avengerswine_official 

◼︎ 장소 : 와인아카이브 (서울특별시 강남구 선릉로 135길 12, 와인비전 지하 1층)

봉봉 시음회 1,2,3부 티켓은 전량 SOLD OUT! 
감사합니다.🍷
.
.
#봉봉와인시음회 #내추럴와인 #유기농와인 #바이오다이나믹와인 #비오디나믹와인 #봉봉 #와인테이스팅 #와인시음회 #와인전문가 #와인애호가 #소믈리에 #와인샵 #와인바 #와인맛집 #와인데이트 #와인공부 #와인자격증 #와인수입사 #와인스타그램 #와인추천 #레드와인추천 #화이트와인추천 #스파클링와인 #와인매니아 #와인모임 #와인비전 #비노비노",2022-10-26,94
와인비전 Winevision,17958091984966080,https://www.instagram.com/p/Cj7BdzQJ766/,CAROUSEL_ALBUM,39,0,2022-10-20 04:32:16+00:00,https://scontent-sea1-1.cdninstagram.com/v/t51.2885-15/312012204_1088984621983261_7836274155131046660_n.jpg?_nc_cat=104&ccb=1-7&_nc_sid=8ae9d6&_nc_ohc=CfYmEhhArIEAX87wSA5&_nc_ht=scontent-sea1-1.cdninstagram.com&edm=AL-3X8kEAAAA&oh=00_AT8ezE-Uiny8eFC2cMj80bsM8wfN4yBDVViy2X1b0zLcJg&oe=635D8341,"📯제3회 봉봉 와인 살롱 참가 수입사 👉 veri_wine 

◼︎ 와인 리스트 : 최소 105여 종 >> 마시자GO 어플을 미리 다운받아오세요! 와인리스트와 정보를 한눈에 확인할 수 있습니다.🔥 

◼︎ 일시 : 2022년 10월 21일 / 금요일
 일반인 시음회(3부) 오후 7시- 9시 30분 

*1&2부 전문인 시음회 참석안내는 개별로 진행되었습니다. 
문의 :  avengerswine_official 

◼︎ 장소 : 와인아카이브 (서울특별시 강남구 선릉로 135길 12, 와인비전 지하 1층)

봉봉 시음회 1,2,3부 티켓은 전량 SOLD OUT! 
감사합니다.🍷
.
.
#봉봉와인시음회 #내추럴와인 #유기농와인 #바이오다이나믹와인 #비오디나믹와인 #봉봉 #와인테이스팅 #와인시음회 #와인전문가 #와인애호가 #소믈리에 #와인샵 #와인바 #와인맛집 #와인데이트 #와인공부 #와인자격증 #와인수입사 #와인스타그램 #와인추천 #레드와인추천 #화이트와인추천 #스파클링와인 #와인매니아 #와인모임 #와인비전 #배리와인",2022-10-26,78
Wine Folly,17928708770437952,https://www.instagram.com/p/Cj-PzRDNrJT/,CAROUSEL_ALBUM,1130,46,2022-10-21 10:35:23+00:00,https://scontent-sea1-1.cdninstagram.com/v/t51.2885-15/312072353_1159790301605779_3878302570591632029_n.jpg?_nc_cat=103&ccb=1-7&_nc_sid=8ae9d6&_nc_ohc=mHUBzH6w1zAAX8rI5ti&_nc_oc=AQnfrnJGmxir0b8tcvff6rGCtw3hoR3UXb21twooQ68K2uBQOdgqmAmdlCXA2HPMfLo&_nc_ht=scontent-sea1-1.cdninstagram.com&edm=AL-3X8kEAAAA&oh=00_AT8amDANy1XP3WvUEZcZKydSIG54wVFh_EdDmaRE-K2A2w&oe=635E0B8C,"Happy #FunnyFriday!
All Hallows’ Eve is nigh! What are your favorite ""Spooky"" wines to drink on Halloween?

Here are 12 popular wine producers who are known for their wines with spectacularly spooky labels. Forget the sweets. Wine is adult candy.

1. Clos des Fées les Sorcières – Vincoeur Catalan
2. Pinot Grigio – Paranoia Wines
3. The Velvet Devil Merlot – Charles Smith Wines
4. Sinister Hand 2019 Red Wine Blend Columbia Valley 
5. Ghostly White Wines - Underground Cellar
6. Bogle Phantom 2019
7. Spellbound Petite Sirah 2019
8. Prayers of Sinners Red Blend 2019
9. Witching Hour Red Blend
10. The Prisoner Wine Company The Prisoner Red Blend 2019
11. Vampire Cabernet Sauvignon 2016
12. The Exorcist Etched Wine – Mano’s Wine

#winetips #winetricks #wineforfall #fallwines #autumnwines #winepairings #winelovers  #lowcaloriewine #lowcaloriedrinks #alcoholonadiet #lowcaloriealcohol #lowcaloriedrinks #thanksgiving #thanksgivingwines #fallfood #redwines #redwine #winenerd #somm #winetime #instawine #winelovers #winestagram #winery #winelife #sommelierlife #whitewine #winegeek",2022-10-26,2260
Wine Folly,17966651977935684,https://www.instagram.com/reel/Cj7pczdtkwC/,VIDEO,1722,12,2022-10-20 10:21:49+00:00,,"What is wine exactly?

Wine is an alcoholic beverage made with the fermented juice of grapes.

Technically, any fruit is capable of being used for wine (i.e., apples, cranberries, plums, etc.), but if it just says “wine” on the label, then it’s made with grapes. (By the way, wine grapes are different than table grapes).

The difference between two popular drinks, wine and beer, is that brewing beer involves fermented grains. Simply, wine is made from fruit, and beer is made from grains. There are exceptions that push the boundaries of beer, but that story is for another time.

Tag your fellow wine nerd friends in the comments below, and subscribe to our newsletter for more free wine knowledge – Link in our bio!

#winetips #winetricks #wineonadiet #caloriesinwine #carbsinwine #sugarinwine #winediet #winecalories #winesugar #winecarbs #winelovers #lowsugar #lowcarb #lowcalorie #lowcaloriewine #lowcaloriedrinks #alcoholonadiet #lowcaloriealcohol #lowcaloriedrinks #winenerd #somm #winetime #instawine #winelovers #winestagram #winery #winelife #sommelierlife #whitewine #winegeek #winenerd",2022-10-26,3444
Wine Folly,17940924062259740,https://www.instagram.com/p/Cj5tabjOlya/,CAROUSEL_ALBUM,1876,175,2022-10-19 16:17:48+00:00,https://scontent-sea1-1.cdninstagram.com/v/t51.29350-15/311912710_1403392830186805_9175915081039785285_n.jpg?_nc_cat=103&ccb=1-7&_nc_sid=8ae9d6&_nc_ohc=IoMEedcAG8wAX8_rx0f&_nc_ht=scontent-sea1-1.cdninstagram.com&edm=AL-3X8kEAAAA&oh=00_AT-uNZPbuQukxjAPYdvNsR9AOkJ6xe3XU62qVOLlDSB9rw&oe=635C9D52,"It’s that time again! Happy #WineWednesday quiz time! 

You know the rules:

- read the clues
- leave your guess in the comments
- click the link in our bio to see how you did
- you can also check page 117 in your Magnum Edition Wine Folly Master Guide

And don’t forget to tag anyone you know who wants more wine trivia in their lives!

#wine #redwine #winetasting #winetastings #winetips #winequiz #visitspain #spanishwine #winesofspain #winelovers #frenchwines #italianwine #redwines #redwine #winenerd #somm #winetime #instawine #winelovers #winestagram #winery #winelife #sommelierlife #whitewine #winegeek #winenerd",2022-10-26,3752
Wine Folly,17999491672521696,https://www.instagram.com/p/Cj29D7AOAd0/,CAROUSEL_ALBUM,1841,846,2022-10-18 14:36:49+00:00,https://scontent-sea1-1.cdninstagram.com/v/t51.29350-15/311905228_197716532615829_2256973888553354533_n.jpg?_nc_cat=100&ccb=1-7&_nc_sid=8ae9d6&_nc_ohc=DCquB3THfOoAX8kxIh7&_nc_ht=scontent-sea1-1.cdninstagram.com&edm=AL-3X8kEAAAA&oh=00_AT-JhqS8GzX4W6SwHqrafTeFaDhenEs9-_yRj2CvJPnA5w&oe=635D6EDD,"Big news Folly fans! (Giveaway details below!)

We’ve spent the last 11 years teaching wine lovers how to learn about wine without going broke or crazy. It’s been an incredible ride, and we’re finally ready for the next step: the Wine 201 course. Wine 201 is the course we wish we had when starting into wine.

It will make you think differently–more intelligently– about all things vino, whether you’re destined to be the next top Sommelier or simply want to drink better.

Until November 15, we are offering you, our VIPs, first access to our pre-sale pricing. Click the link in our bio to find out how Wine 201 stacks up and how to get certified when it launches this November.

GIVEAWAY!
To help get everyone psyched and geared up for Wine 201, we are giving away a Wine 101 level course EVERYDAY for the Month of November! This includes Wine 101, Walla Walla Valley 101, Argentina 101, and Napa Valley 101.

Here’s how to enter:
1. Make sure you’re following Wine Folly on Instagram
2. Subscribe to our newsletter – Link in bio (if you’re already on the list, you’re good to go!)
3. Comment the wine region you’d most like to learn more about below
That’s it! You’re entered!

For extra entries:
1. Tag a friend in the comments below! You get 1 extra entry for each friend you tag (no limits!)
2. for 10 extra entries – Create a static post or a reel of you using one of Wine Folly’s products and tag us in it! This could be the book, tasting journal, wine stopper, glasses, courses, posters, tee shirts, or any other Wine Folly product. 

The nitty-gritty:
These are online courses that require no shipping. This giveaway is open to anyone regardless of geographical location – worldwide. These courses do not require the purchasing or consuming of any wine. This promotion is in no way sponsored, endorsed or administered by, or associated with, Instagram. 

#winetips #winetricks #wineonadiet #caloriesinwine #carbsinwine #sugarinwine #winediet #winecalories #winesugar #wineedu #winelovers #winecourses #lowcaloriewine #lowcaloriedrinks #winenerd #somm #winetime #instawine #winelovers #winestagram #winery #winelife #sommelierlife #whitewine #winegeek #winenerd",2022-10-26,3682
Wine Folly,17890602485652140,https://www.instagram.com/p/Cj0DfN1OJva/,CAROUSEL_ALBUM,2484,29,2022-10-17 11:35:23+00:00,https://scontent-sea1-1.cdninstagram.com/v/t51.2885-15/311989025_511303077201248_5690560213206533182_n.jpg?_nc_cat=104&ccb=1-7&_nc_sid=8ae9d6&_nc_ohc=pYyfY2H9R7QAX8gMz25&_nc_ht=scontent-sea1-1.cdninstagram.com&edm=AL-3X8kEAAAA&oh=00_AT81bFmStxetk7cQEjOzG6lFwusD7i4flyiQUu-jXuUYyg&oe=635CF4C8,"It’s no secret that interest in wine is growing.

Maybe you like wine for the implied health benefits (i.e. keto friendly, antioxidants, etc). Or, perhaps you just love rosé! Whatever the reason, one issue many newcomers struggle with is consistently choosing wines they love.

This is particularly true with red wines because, stylistically speaking, they’re very diverse.

So, here are four good red wines that aim to please. We call them *crowd pleasers:*

- They are big on flavor and big on fruit. (aka *fruit forward*)
- They’re not too astringent (e.g. *tannic*) and have a smooth finish.
- Compared to other varietal wines, they offer great value. (We call this *QPR*, for quality-price ratio.) 

#winetips #winetricks #wineforfall #fallwines #autumnwines #winepairings #winelovers  #lowcaloriewine #lowcaloriedrinks #alcoholonadiet #lowcaloriealcohol #lowcaloriedrinks #thanksgiving #thanksgivingwines #fallfood #redwines #redwine #winenerd #somm #winetime #instawine #winelovers #winestagram #winery #winelife #sommelierlife #whitewine #winegeek",2022-10-26,4968
와인21 @wine21.com,18038952268379568,https://www.instagram.com/p/Cj2XgeGphea/,CAROUSEL_ALBUM,141,0,2022-10-18 09:08:40+00:00,https://scontent-sea1-1.cdninstagram.com/v/t51.29350-15/311886066_462100749085323_330164174986389611_n.jpg?_nc_cat=108&ccb=1-7&_nc_sid=8ae9d6&_nc_ohc=8guhKYk6C0sAX-39b-5&_nc_ht=scontent-sea1-1.cdninstagram.com&edm=AL-3X8kEAAAA&oh=00_AT_zUJrGB8mXRHP3RfmMBJYJH9TC5BxVF8AX5gS-UJTP7Q&oe=635D949C,"Georgia, The Cradle of Wine
조지아의 주목할 만한 PDO 와인들을 스타일별로 알아보자!

#georgiawinekorea#조지아와인21",2022-10-26,282
