name,date,username,id,follows_count,followers_count,media_count,website,profile_picture_url,biography,fetch_time,like_count,comments_count
WSAá„‹á…ªá„‹á…µá†«á„‹á…¡á„á…¡á„ƒá…¦á„†á…µ,2022-09-27,wsa.wine.academy,17841403196274368,2578,4805,368,https://linktr.ee/wsawineacademy,https://scontent-ssn1-1.xx.fbcdn.net/v/t51.2885-15/82718695_3163285743736428_55089091201931293_n.jpg?_nc_cat=111&ccb=1-7&_nc_sid=86c713&_nc_ohc=qdYpNvca2ZwAX-Z2v_0&_nc_ht=scontent-ssn1-1.xx&edm=AL-3X8kEAAAA&oh=00_AT8Htv7JS_QawkMbckBRUODsT7jHVSu5-N8UYRJnc6h16A&oe=63380659,"ğŸ·êµ­ë‚´ ìµœì´ˆ, ìµœëŒ€, ìµœê³ ì˜ êµ­ì œì¸ì¦ì™€ì¸êµìœ¡ê¸°ê´€
ğŸ·17ë…„ì˜ ì „í†µ, ë§Œ ëª…ì˜ ë™ë¬¸
ğŸ·ìˆ˜ê°•ì¼ì • Linktree - WSET Schedule
ğŸ¤˜#ë§¤ë‹ˆì ¸ìŠ¤íƒ€ê·¸ë¨#ë¬¸ì˜ì‚¬í•­ íŒ”ë¡œìš° í›„ !DM(ì•„ë‹˜ëª»ë´ìš”ğŸ¤£)",2022-09-27 14:51:36.124,6567,194
WSAá„‹á…ªá„‹á…µá†«á„‹á…¡á„á…¡á„ƒá…¦á„†á…µ,2022-09-28,wsa.wine.academy,17841403196274368,2580,4812,368,https://linktr.ee/wsawineacademy,https://scontent-gmp1-1.xx.fbcdn.net/v/t51.2885-15/82718695_3163285743736428_55089091201931293_n.jpg?_nc_cat=111&ccb=1-7&_nc_sid=86c713&_nc_ohc=qdYpNvca2ZwAX8wdGSu&_nc_ht=scontent-gmp1-1.xx&edm=AL-3X8kEAAAA&oh=00_AT-Yuob345jmnctip2I45lKfdELJe5bj5iMIgOY-quQSHA&oe=63380659,"ğŸ·êµ­ë‚´ ìµœì´ˆ, ìµœëŒ€, ìµœê³ ì˜ êµ­ì œì¸ì¦ì™€ì¸êµìœ¡ê¸°ê´€
ğŸ·17ë…„ì˜ ì „í†µ, ë§Œ ëª…ì˜ ë™ë¬¸
ğŸ·ìˆ˜ê°•ì¼ì • Linktree - WSET Schedule
ğŸ¤˜#ë§¤ë‹ˆì ¸ìŠ¤íƒ€ê·¸ë¨#ë¬¸ì˜ì‚¬í•­ íŒ”ë¡œìš° í›„ !DM(ì•„ë‹˜ëª»ë´ìš”ğŸ¤£)",2022-09-28 16:37:40.352,6579,194
WSAá„‹á…ªá„‹á…µá†«á„‹á…¡á„á…¡á„ƒá…¦á„†á…µ,2022-09-29,wsa.wine.academy,17841403196274368,2580,4815,369,https://linktr.ee/wsawineacademy,https://scontent-sjc3-1.xx.fbcdn.net/v/t51.2885-15/82718695_3163285743736428_55089091201931293_n.jpg?_nc_cat=111&ccb=1-7&_nc_sid=86c713&_nc_ohc=qdYpNvca2ZwAX8UVdrj&_nc_ht=scontent-sjc3-1.xx&edm=AL-3X8kEAAAA&oh=00_AT_c1UPudCXSwBc8KzskGz60xJvYRVmg7KJCY0JJaCiltQ&oe=633A0099,"ğŸ·êµ­ë‚´ ìµœì´ˆ, ìµœëŒ€, ìµœê³ ì˜ êµ­ì œì¸ì¦ì™€ì¸êµìœ¡ê¸°ê´€
ğŸ·17ë…„ì˜ ì „í†µ, ë§Œ ëª…ì˜ ë™ë¬¸
ğŸ·ìˆ˜ê°•ì¼ì • Linktree - WSET Schedule
ğŸ¤˜#ë§¤ë‹ˆì ¸ìŠ¤íƒ€ê·¸ë¨#ë¬¸ì˜ì‚¬í•­ íŒ”ë¡œìš° í›„ !DM(ì•„ë‹˜ëª»ë´ìš”ğŸ¤£)",2022-09-29 16:33:18.004,6562,193
WSAá„‹á…ªá„‹á…µá†«á„‹á…¡á„á…¡á„ƒá…¦á„†á…µ,2022-09-30,wsa.wine.academy,17841403196274368,2581,4816,369,https://linktr.ee/wsawineacademy,https://scontent-sea1-1.xx.fbcdn.net/v/t51.2885-15/82718695_3163285743736428_55089091201931293_n.jpg?_nc_cat=111&ccb=1-7&_nc_sid=86c713&_nc_ohc=Nl9NMemw8_oAX9U16vv&_nc_ht=scontent-sea1-1.xx&edm=AL-3X8kEAAAA&oh=00_AT_A3iMdIcL_4d5qhOiPJcPRzTMAA0ISjbCQWcIbSeQwNw&oe=633BFAD9,"ğŸ·êµ­ë‚´ ìµœì´ˆ, ìµœëŒ€, ìµœê³ ì˜ êµ­ì œì¸ì¦ì™€ì¸êµìœ¡ê¸°ê´€
ğŸ·17ë…„ì˜ ì „í†µ, ë§Œ ëª…ì˜ ë™ë¬¸
ğŸ·ìˆ˜ê°•ì¼ì • Linktree - WSET Schedule
ğŸ¤˜#ë§¤ë‹ˆì ¸ìŠ¤íƒ€ê·¸ë¨#ë¬¸ì˜ì‚¬í•­ íŒ”ë¡œìš° í›„ !DM(ì•„ë‹˜ëª»ë´ìš”ğŸ¤£)",2022-09-30 10:06:15.067,6581,193
WSAá„‹á…ªá„‹á…µá†«á„‹á…¡á„á…¡á„ƒá…¦á„†á…µ,2022-10-01,wsa.wine.academy,17841403196274368,2581,4815,369,https://linktr.ee/wsawineacademy,https://scontent-sea1-1.xx.fbcdn.net/v/t51.2885-15/82718695_3163285743736428_55089091201931293_n.jpg?_nc_cat=111&ccb=1-7&_nc_sid=86c713&_nc_ohc=Nl9NMemw8_oAX8T1RgI&_nc_ht=scontent-sea1-1.xx&edm=AL-3X8kEAAAA&oh=00_AT_B108ehH75U5tkzX8AghIlfTE8takGgJbwZd4T2TQ3VA&oe=633BFAD9,"ğŸ·êµ­ë‚´ ìµœì´ˆ, ìµœëŒ€, ìµœê³ ì˜ êµ­ì œì¸ì¦ì™€ì¸êµìœ¡ê¸°ê´€
ğŸ·17ë…„ì˜ ì „í†µ, ë§Œ ëª…ì˜ ë™ë¬¸
ğŸ·ìˆ˜ê°•ì¼ì • Linktree - WSET Schedule
ğŸ¤˜#ë§¤ë‹ˆì ¸ìŠ¤íƒ€ê·¸ë¨#ë¬¸ì˜ì‚¬í•­ íŒ”ë¡œìš° í›„ !DM(ì•„ë‹˜ëª»ë´ìš”ğŸ¤£)",2022-10-01 10:00:25.258,6593,193
WSAá„‹á…ªá„‹á…µá†«á„‹á…¡á„á…¡á„ƒá…¦á„†á…µ,2022-10-02,wsa.wine.academy,17841403196274368,2581,4814,369,https://linktr.ee/wsawineacademy,https://scontent-sea1-1.xx.fbcdn.net/v/t51.2885-15/82718695_3163285743736428_55089091201931293_n.jpg?_nc_cat=111&ccb=1-7&_nc_sid=86c713&_nc_ohc=Nl9NMemw8_oAX8jBwpS&_nc_ht=scontent-sea1-1.xx&edm=AL-3X8kEAAAA&oh=00_AT-h-m_dp3d1Zg9Y728K7jYBqXuYo-V_S6pmPXL1SOUYVQ&oe=633DF519,"ğŸ·êµ­ë‚´ ìµœì´ˆ, ìµœëŒ€, ìµœê³ ì˜ êµ­ì œì¸ì¦ì™€ì¸êµìœ¡ê¸°ê´€
ğŸ·17ë…„ì˜ ì „í†µ, ë§Œ ëª…ì˜ ë™ë¬¸
ğŸ·ìˆ˜ê°•ì¼ì • Linktree - WSET Schedule
ğŸ¤˜#ë§¤ë‹ˆì ¸ìŠ¤íƒ€ê·¸ë¨#ë¬¸ì˜ì‚¬í•­ íŒ”ë¡œìš° í›„ !DM(ì•„ë‹˜ëª»ë´ìš”ğŸ¤£)",2022-10-02 09:52:10.568,6600,193
WSAá„‹á…ªá„‹á…µá†«á„‹á…¡á„á…¡á„ƒá…¦á„†á…µ,2022-10-03,wsa.wine.academy,17841403196274368,2581,4816,369,https://linktr.ee/wsawineacademy,https://scontent-iad3-1.xx.fbcdn.net/v/t51.2885-15/82718695_3163285743736428_55089091201931293_n.jpg?_nc_cat=111&ccb=1-7&_nc_sid=86c713&_nc_ohc=7n4FGUP4eCgAX-5zIK3&_nc_ht=scontent-iad3-1.xx&edm=AL-3X8kEAAAA&oh=00_AT8J4en2stiZeAiX3y9qkztjLaxJybyAFjfFnigirawiNw&oe=633FEF59,"ğŸ·êµ­ë‚´ ìµœì´ˆ, ìµœëŒ€, ìµœê³ ì˜ êµ­ì œì¸ì¦ì™€ì¸êµìœ¡ê¸°ê´€
ğŸ·17ë…„ì˜ ì „í†µ, ë§Œ ëª…ì˜ ë™ë¬¸
ğŸ·ìˆ˜ê°•ì¼ì • Linktree - WSET Schedule
ğŸ¤˜#ë§¤ë‹ˆì ¸ìŠ¤íƒ€ê·¸ë¨#ë¬¸ì˜ì‚¬í•­ íŒ”ë¡œìš° í›„ !DM(ì•„ë‹˜ëª»ë´ìš”ğŸ¤£)",2022-10-03 09:43:48.066,6603,193
WSAá„‹á…ªá„‹á…µá†«á„‹á…¡á„á…¡á„ƒá…¦á„†á…µ,2022-10-04,wsa.wine.academy,17841403196274368,2581,4824,369,https://linktr.ee/wsawineacademy,https://scontent-sea1-1.xx.fbcdn.net/v/t51.2885-15/82718695_3163285743736428_55089091201931293_n.jpg?_nc_cat=111&ccb=1-7&_nc_sid=86c713&_nc_ohc=7n4FGUP4eCgAX-XuTqh&_nc_ht=scontent-sea1-1.xx&edm=AL-3X8kEAAAA&oh=00_AT-DYmImsiNq2qpRnRbeN7l7YSA159YNielzSvHlCnEWlw&oe=633FEF59,"ğŸ·êµ­ë‚´ ìµœì´ˆ, ìµœëŒ€, ìµœê³ ì˜ êµ­ì œì¸ì¦ì™€ì¸êµìœ¡ê¸°ê´€
ğŸ·17ë…„ì˜ ì „í†µ, ë§Œ ëª…ì˜ ë™ë¬¸
ğŸ·ìˆ˜ê°•ì¼ì • Linktree - WSET Schedule
ğŸ¤˜#ë§¤ë‹ˆì ¸ìŠ¤íƒ€ê·¸ë¨#ë¬¸ì˜ì‚¬í•­ íŒ”ë¡œìš° í›„ !DM(ì•„ë‹˜ëª»ë´ìš”ğŸ¤£)",2022-10-04 09:54:20.987,6603,193
WSAá„‹á…ªá„‹á…µá†«á„‹á…¡á„á…¡á„ƒá…¦á„†á…µ,2022-10-05,wsa.wine.academy,17841403196274368,2581,4831,371,https://linktr.ee/wsawineacademy,https://scontent-iad3-1.xx.fbcdn.net/v/t51.2885-15/82718695_3163285743736428_55089091201931293_n.jpg?_nc_cat=111&ccb=1-7&_nc_sid=86c713&_nc_ohc=7n4FGUP4eCgAX_XtYNa&_nc_ht=scontent-iad3-1.xx&edm=AL-3X8kEAAAA&oh=00_AT-1q1qr7E6BvHIaM1kQawBHW9Ejq1zCMZdBhsrtw6Wm2g&oe=6341E999,"ğŸ·êµ­ë‚´ ìµœì´ˆ, ìµœëŒ€, ìµœê³ ì˜ êµ­ì œì¸ì¦ì™€ì¸êµìœ¡ê¸°ê´€
ğŸ·17ë…„ì˜ ì „í†µ, ë§Œ ëª…ì˜ ë™ë¬¸
ğŸ·ìˆ˜ê°•ì¼ì • Linktree - WSET Schedule
ğŸ¤˜#ë§¤ë‹ˆì ¸ìŠ¤íƒ€ê·¸ë¨#ë¬¸ì˜ì‚¬í•­ íŒ”ë¡œìš° í›„ !DM(ì•„ë‹˜ëª»ë´ìš”ğŸ¤£)",2022-10-05 09:53:41.727,6756,201
WSAá„‹á…ªá„‹á…µá†«á„‹á…¡á„á…¡á„ƒá…¦á„†á…µ,2022-10-06,wsa.wine.academy,17841403196274368,2583,4832,372,https://linktr.ee/wsawineacademy,https://scontent-sea1-1.xx.fbcdn.net/v/t51.2885-15/82718695_3163285743736428_55089091201931293_n.jpg?_nc_cat=111&ccb=1-7&_nc_sid=86c713&_nc_ohc=ghzOMcx5u6gAX-1l6uX&_nc_ht=scontent-sea1-1.xx&edm=AL-3X8kEAAAA&oh=00_AT-prOBJpP3_W-st4qaVommQRgPYp_pSNtaBqYGPLH5f-A&oe=6343E3D9,"ğŸ·êµ­ë‚´ ìµœì´ˆ, ìµœëŒ€, ìµœê³ ì˜ êµ­ì œì¸ì¦ì™€ì¸êµìœ¡ê¸°ê´€
ğŸ·17ë…„ì˜ ì „í†µ, ë§Œ ëª…ì˜ ë™ë¬¸
ğŸ·ìˆ˜ê°•ì¼ì • Linktree - WSET Schedule
ğŸ¤˜#ë§¤ë‹ˆì ¸ìŠ¤íƒ€ê·¸ë¨#ë¬¸ì˜ì‚¬í•­ íŒ”ë¡œìš° í›„ !DM(ì•„ë‹˜ëª»ë´ìš”ğŸ¤£)",2022-10-06 09:46:48.526,6641,182
WSAá„‹á…ªá„‹á…µá†«á„‹á…¡á„á…¡á„ƒá…¦á„†á…µ,2022-10-07,wsa.wine.academy,17841403196274368,2583,4841,372,https://linktr.ee/wsawineacademy,https://scontent-lcy1-1.xx.fbcdn.net/v/t51.2885-15/82718695_3163285743736428_55089091201931293_n.jpg?_nc_cat=111&ccb=1-7&_nc_sid=86c713&_nc_ohc=ghzOMcx5u6gAX9OytHz&_nc_ht=scontent-lcy1-1.xx&edm=AL-3X8kEAAAA&oh=00_AT_96Mkrh9BC_FD3t9yCfJ874c6wBs2cX5TdynS7xAW80A&oe=6343E3D9,"ğŸ·êµ­ë‚´ ìµœì´ˆ, ìµœëŒ€, ìµœê³ ì˜ êµ­ì œì¸ì¦ì™€ì¸êµìœ¡ê¸°ê´€
ğŸ·17ë…„ì˜ ì „í†µ, ë§Œ ëª…ì˜ ë™ë¬¸
ğŸ·ìˆ˜ê°•ì¼ì • Linktree - WSET Schedule
ğŸ¤˜#ë§¤ë‹ˆì ¸ìŠ¤íƒ€ê·¸ë¨#ë¬¸ì˜ì‚¬í•­ íŒ”ë¡œìš° í›„ !DM(ì•„ë‹˜ëª»ë´ìš”ğŸ¤£)",2022-10-07 09:59:32.654,6769,186
WSAá„‹á…ªá„‹á…µá†«á„‹á…¡á„á…¡á„ƒá…¦á„†á…µ,2022-10-08,wsa.wine.academy,17841403196274368,2581,4849,373,https://linktr.ee/wsawineacademy,https://scontent-sjc3-1.xx.fbcdn.net/v/t51.2885-15/82718695_3163285743736428_55089091201931293_n.jpg?_nc_cat=111&ccb=1-7&_nc_sid=86c713&_nc_ohc=ghzOMcx5u6gAX9GEcCr&_nc_ht=scontent-sjc3-1.xx&edm=AL-3X8kEAAAA&oh=00_AT_fifuMeG2P0uw7gv3JhBUIpZcO9RJGtPXo_pquzo2P6A&oe=6345DE19,"ğŸ·êµ­ë‚´ ìµœì´ˆ, ìµœëŒ€, ìµœê³ ì˜ êµ­ì œì¸ì¦ì™€ì¸êµìœ¡ê¸°ê´€
ğŸ·17ë…„ì˜ ì „í†µ, ë§Œ ëª…ì˜ ë™ë¬¸
ğŸ·ìˆ˜ê°•ì¼ì • Linktree - WSET Schedule
ğŸ¤˜#ë§¤ë‹ˆì ¸ìŠ¤íƒ€ê·¸ë¨#ë¬¸ì˜ì‚¬í•­ íŒ”ë¡œìš° í›„ !DM(ì•„ë‹˜ëª»ë´ìš”ğŸ¤£)",2022-10-08 09:42:52.216,6706,187
Wine Folly,2022-09-27,winefolly,17841400935520240,1345,406149,3624,https://shopgr.id/winefolly,https://scontent-ssn1-1.xx.fbcdn.net/v/t51.2885-15/291099809_171986275292869_6693348921069921448_n.jpg?_nc_cat=110&ccb=1-7&_nc_sid=86c713&_nc_ohc=KVTI7_gw4bsAX8egpxr&_nc_ht=scontent-ssn1-1.xx&edm=AL-3X8kEAAAA&oh=00_AT9uel-LBORoaITmOmSzVEg2UXdr_K3cl-0v5vATa6_IlA&oe=6337CA3D,"Wine EDU. But make it fun!
The #1 site for learning about #wine for beginners and beyond. Join the wine education newsletter, & get 50% off Wine 101!",2022-09-27 14:51:36.124,65191,2217
Wine Folly,2022-09-28,winefolly,17841400935520240,1346,406192,3625,https://shopgr.id/winefolly,https://scontent-gmp1-1.xx.fbcdn.net/v/t51.2885-15/291099809_171986275292869_6693348921069921448_n.jpg?_nc_cat=110&ccb=1-7&_nc_sid=86c713&_nc_ohc=AZF04rCZXusAX9gmkt0&_nc_ht=scontent-gmp1-1.xx&edm=AL-3X8kEAAAA&oh=00_AT8hFjmQCHPh5WS6ayWs_POHpTAr0cdP_WtVvhQlnS_ing&oe=6339C47D,"Wine EDU. But make it fun!
The #1 site for learning about #wine for beginners and beyond. Join the wine education newsletter, & get 50% off Wine 101!",2022-09-28 16:37:40.352,69207,2138
Wine Folly,2022-09-29,winefolly,17841400935520240,1345,406238,3626,https://shopgr.id/winefolly,https://scontent-sjc3-1.xx.fbcdn.net/v/t51.2885-15/291099809_171986275292869_6693348921069921448_n.jpg?_nc_cat=110&ccb=1-7&_nc_sid=86c713&_nc_ohc=AZF04rCZXusAX8eKqo5&_nc_ht=scontent-sjc3-1.xx&edm=AL-3X8kEAAAA&oh=00_AT9XYweK2JlrLGbnQhuvHbu_fBUPJAosbRjtRO1w9n45jQ&oe=6339C47D,"Wine EDU. But make it fun!
The #1 site for learning about #wine for beginners and beyond. Join the wine education newsletter, & get 50% off Wine 101!",2022-09-29 16:33:18.004,67549,2147
Wine Folly,2022-09-30,winefolly,17841400935520240,1344,406300,3627,https://shopgr.id/winefolly,https://scontent-sea1-1.xx.fbcdn.net/v/t51.2885-15/291099809_171986275292869_6693348921069921448_n.jpg?_nc_cat=1&ccb=1-7&_nc_sid=86c713&_nc_ohc=AZF04rCZXusAX_FHkNU&_nc_ht=scontent-sea1-1.xx&edm=AL-3X8kEAAAA&oh=00_AT9jSRPHMTCZTZquDVzCSLZwsb3eeyqs7rNBF_Xghg00zw&oe=633BBEBD,"Wine EDU. But make it fun!
The #1 site for learning about #wine for beginners and beyond. Join the wine education newsletter, & get 50% off Wine 101!",2022-09-30 10:06:15.067,68379,2186
Wine Folly,2022-10-01,winefolly,17841400935520240,1344,406378,3628,https://shopgr.id/winefolly,https://scontent-sea1-1.xx.fbcdn.net/v/t51.2885-15/291099809_171986275292869_6693348921069921448_n.jpg?_nc_cat=1&ccb=1-7&_nc_sid=86c713&_nc_ohc=AZF04rCZXusAX-Co49m&_nc_ht=scontent-sea1-1.xx&edm=AL-3X8kEAAAA&oh=00_AT8voAJLu9G7VKilLwErWQlTyB8GR9FZcp5sgadH05xukQ&oe=633BBEBD,"Wine EDU. But make it fun!
The #1 site for learning about #wine for beginners and beyond. Join the wine education newsletter, & get 50% off Wine 101!",2022-10-01 10:00:25.258,68314,2361
Wine Folly,2022-10-02,winefolly,17841400935520240,1344,406440,3628,https://shopgr.id/winefolly,https://scontent-sea1-1.xx.fbcdn.net/v/t51.2885-15/291099809_171986275292869_6693348921069921448_n.jpg?_nc_cat=1&ccb=1-7&_nc_sid=86c713&_nc_ohc=3eSsCbYzVQMAX-o4lPb&_nc_ht=scontent-sea1-1.xx&edm=AL-3X8kEAAAA&oh=00_AT_xHvZ59Fj-dOKmB2cGg9cvew9-blqwT2M9iz3LejV-Bg&oe=633DB8FD,"Wine EDU. But make it fun!
The #1 site for learning about #wine for beginners and beyond. Join the wine education newsletter, & get 50% off Wine 101!",2022-10-02 09:52:10.568,69421,2424
Wine Folly,2022-10-03,winefolly,17841400935520240,1343,406502,3628,https://shopgr.id/winefolly,https://scontent-iad3-1.xx.fbcdn.net/v/t51.2885-15/291099809_171986275292869_6693348921069921448_n.jpg?_nc_cat=110&ccb=1-7&_nc_sid=86c713&_nc_ohc=3eSsCbYzVQMAX9JjFzC&_nc_ht=scontent-iad3-1.xx&edm=AL-3X8kEAAAA&oh=00_AT8A1W5Uw8u2coeSqCNpy1yZwtt0XBGkPo-HTCuevaoDKg&oe=633FB33D,"Wine EDU. But make it fun!
The #1 site for learning about #wine for beginners and beyond. Join the wine education newsletter, & get 50% off Wine 101!",2022-10-03 09:43:48.066,69843,2451
Wine Folly,2022-10-04,winefolly,17841400935520240,1343,406539,3629,https://shopgr.id/winefolly,https://scontent-sea1-1.xx.fbcdn.net/v/t51.2885-15/291099809_171986275292869_6693348921069921448_n.jpg?_nc_cat=1&ccb=1-7&_nc_sid=86c713&_nc_ohc=3eSsCbYzVQMAX9ESRpv&_nc_ht=scontent-sea1-1.xx&edm=AL-3X8kEAAAA&oh=00_AT8nlvz0iXlpYOmHpHiieWUW8A9NErFzxOfZVtlKkcoUSw&oe=633FB33D,"Wine EDU. But make it fun!
The #1 site for learning about #wine for beginners and beyond. Join the wine education newsletter, & get 50% off Wine 101!",2022-10-04 09:54:20.987,70348,2454
Wine Folly,2022-10-05,winefolly,17841400935520240,1343,406558,3630,https://shopgr.id/winefolly,https://scontent-iad3-1.xx.fbcdn.net/v/t51.2885-15/291099809_171986275292869_6693348921069921448_n.jpg?_nc_cat=110&ccb=1-7&_nc_sid=86c713&_nc_ohc=luC-nuCNYg4AX8fhhwA&_nc_ht=scontent-iad3-1.xx&edm=AL-3X8kEAAAA&oh=00_AT_pxcU1vETAAaWVhy8UFVwFAOKRvWW9PAMyM8dm0HWmJA&oe=6341AD7D,"Wine EDU. But make it fun!
The #1 site for learning about #wine for beginners and beyond. Join the wine education newsletter, & get 50% off Wine 101!",2022-10-05 09:53:41.727,69591,2493
Wine Folly,2022-10-06,winefolly,17841400935520240,1344,406585,3631,https://shopgr.id/winefolly,https://scontent-sea1-1.xx.fbcdn.net/v/t51.2885-15/291099809_171986275292869_6693348921069921448_n.jpg?_nc_cat=110&ccb=1-7&_nc_sid=86c713&_nc_ohc=luC-nuCNYg4AX8cxEj_&_nc_ht=scontent-sea1-1.xx&edm=AL-3X8kEAAAA&oh=00_AT_fpH62BoKu5z67SY4dx6Fbwjbh4Vb_qQQjmk1xeecs5g&oe=6343A7BD,"Wine EDU. But make it fun!
The #1 site for learning about #wine for beginners and beyond. Join the wine education newsletter, & get 50% off Wine 101!",2022-10-06 09:46:48.526,69732,2548
Wine Folly,2022-10-07,winefolly,17841400935520240,1344,406620,3632,https://shopgr.id/winefolly,https://scontent-lcy1-1.xx.fbcdn.net/v/t51.2885-15/291099809_171986275292869_6693348921069921448_n.jpg?_nc_cat=110&ccb=1-7&_nc_sid=86c713&_nc_ohc=luC-nuCNYg4AX8EEA2n&_nc_ht=scontent-lcy1-1.xx&edm=AL-3X8kEAAAA&oh=00_AT_zutyjN7Z0KVwB4cpuLTWCz4jNdqcKC85GovhTtJmr8A&oe=6343A7BD,"Wine EDU. But make it fun!
The #1 site for learning about #wine for beginners and beyond. Join the wine education newsletter, & get 50% off Wine 101!",2022-10-07 09:59:32.654,67276,2563
Wine Folly,2022-10-08,winefolly,17841400935520240,1344,406708,3633,https://shopgr.id/winefolly,https://scontent-sjc3-1.xx.fbcdn.net/v/t51.2885-15/291099809_171986275292869_6693348921069921448_n.jpg?_nc_cat=1&ccb=1-7&_nc_sid=86c713&_nc_ohc=XD_qjCDxq3gAX8ZCGsn&_nc_ht=scontent-sjc3-1.xx&edm=AL-3X8kEAAAA&oh=00_AT8VwBXp-0hBSyvA3zpfSZegwRtT29G41iVv2CYmrECECA&oe=6345A1FD,"Wine EDU. But make it fun!
The #1 site for learning about #wine for beginners and beyond. Join the wine education newsletter, & get 50% off Wine 101!",2022-10-08 09:42:52.216,69947,2668
after9,2022-09-27,after9nwine,17841416197245714,1,139,18,,https://scontent-ssn1-1.xx.fbcdn.net/v/t51.2885-15/284767247_682665059496055_7044693684830096392_n.jpg?_nc_cat=105&ccb=1-7&_nc_sid=86c713&_nc_ohc=zVSaygMJQu8AX-vNP_l&_nc_ht=scontent-ssn1-1.xx&edm=AL-3X8kEAAAA&oh=00_AT8Ipx7j68yS7_26oqSxoPp8x9Ln1EXU2emURNXLI8GWWg&oe=6337A6A7,"wineshop&tastingroom
wine seminar",2022-09-27 14:51:36.124,468,7
after9,2022-09-28,after9nwine,17841416197245714,1,140,18,,https://scontent-gmp1-1.xx.fbcdn.net/v/t51.2885-15/284767247_682665059496055_7044693684830096392_n.jpg?_nc_cat=105&ccb=1-7&_nc_sid=86c713&_nc_ohc=zVSaygMJQu8AX-d_J1G&_nc_ht=scontent-gmp1-1.xx&edm=AL-3X8kEAAAA&oh=00_AT81SU_-bXWj9YV528QiJ8mR0KW26-D5LsoXsE33ac59gA&oe=6339A0E7,"wineshop&tastingroom
wine seminar",2022-09-28 16:37:40.352,470,7
after9,2022-09-29,after9nwine,17841416197245714,1,143,19,,https://scontent-sjc3-1.xx.fbcdn.net/v/t51.2885-15/284767247_682665059496055_7044693684830096392_n.jpg?_nc_cat=105&ccb=1-7&_nc_sid=86c713&_nc_ohc=zVSaygMJQu8AX-RJ28k&_nc_ht=scontent-sjc3-1.xx&edm=AL-3X8kEAAAA&oh=00_AT_K7hOoCJZW5QIeQ7iDEbTH13eKouTkk5lF3YV5Qqsnkw&oe=6339A0E7,"wineshop&tastingroom
wine seminar",2022-09-29 16:33:18.004,495,9
after9,2022-09-30,after9nwine,17841416197245714,1,143,19,,https://scontent-sea1-1.xx.fbcdn.net/v/t51.2885-15/284767247_682665059496055_7044693684830096392_n.jpg?_nc_cat=105&ccb=1-7&_nc_sid=86c713&_nc_ohc=vAVocaCxPlcAX_F_fm7&_nc_ht=scontent-sea1-1.xx&edm=AL-3X8kEAAAA&oh=00_AT9zeJOEHHHqcyoq5ITsaAsF3GADtm7SVTp7XWwVjhwqkA&oe=633B9B27,"wineshop&tastingroom
wine seminar",2022-09-30 10:06:15.067,499,9
after9,2022-10-01,after9nwine,17841416197245714,1,143,19,,https://scontent-sea1-1.xx.fbcdn.net/v/t51.2885-15/284767247_682665059496055_7044693684830096392_n.jpg?_nc_cat=105&ccb=1-7&_nc_sid=86c713&_nc_ohc=vAVocaCxPlcAX9CFpyo&_nc_ht=scontent-sea1-1.xx&edm=AL-3X8kEAAAA&oh=00_AT__Jos8hh_a9FbNHyPgpTsTvG3NZiTJlZslwu72HZnJCw&oe=633B9B27,"wineshop&tastingroom
wine seminar",2022-10-01 10:00:25.258,501,9
after9,2022-10-02,after9nwine,17841416197245714,1,143,19,,https://scontent-sea1-1.xx.fbcdn.net/v/t51.2885-15/284767247_682665059496055_7044693684830096392_n.jpg?_nc_cat=105&ccb=1-7&_nc_sid=86c713&_nc_ohc=vAVocaCxPlcAX9NNgvc&_nc_ht=scontent-sea1-1.xx&edm=AL-3X8kEAAAA&oh=00_AT8uSeGgcQcW6I1kRe7lxN1HHGYL38h40QOzFKZ36txqfA&oe=633D9567,"wineshop&tastingroom
wine seminar",2022-10-02 09:52:10.568,503,9
after9,2022-10-03,after9nwine,17841416197245714,1,143,19,,https://scontent-iad3-1.xx.fbcdn.net/v/t51.2885-15/284767247_682665059496055_7044693684830096392_n.jpg?_nc_cat=105&ccb=1-7&_nc_sid=86c713&_nc_ohc=iiYtQoSto90AX9PW5KE&_nc_ht=scontent-iad3-1.xx&edm=AL-3X8kEAAAA&oh=00_AT8xGwOXPiunRPPc6Lx2C5PUTCQZsbyHcW8B2BgFV0jhoQ&oe=633F8FA7,"wineshop&tastingroom
wine seminar",2022-10-03 09:43:48.066,503,9
after9,2022-10-04,after9nwine,17841416197245714,1,143,19,,https://scontent-sea1-1.xx.fbcdn.net/v/t51.2885-15/284767247_682665059496055_7044693684830096392_n.jpg?_nc_cat=105&ccb=1-7&_nc_sid=86c713&_nc_ohc=iiYtQoSto90AX8vVdd_&_nc_ht=scontent-sea1-1.xx&edm=AL-3X8kEAAAA&oh=00_AT_2QcNtpiJXVfriDKCIljpZRQizUJ10v5zwIVJfCAQncA&oe=633F8FA7,"wineshop&tastingroom
wine seminar",2022-10-04 09:54:20.987,503,9
after9,2022-10-05,after9nwine,17841416197245714,1,142,19,,https://scontent-iad3-1.xx.fbcdn.net/v/t51.2885-15/284767247_682665059496055_7044693684830096392_n.jpg?_nc_cat=105&ccb=1-7&_nc_sid=86c713&_nc_ohc=iiYtQoSto90AX8xDk16&_nc_ht=scontent-iad3-1.xx&edm=AL-3X8kEAAAA&oh=00_AT9SS53zjFHxvreGrj-j8cPaBUHVtQ-uxGSs6Gb6r_SE5w&oe=634189E7,"wineshop&tastingroom
wine seminar",2022-10-05 09:53:41.727,506,9
after9,2022-10-06,after9nwine,17841416197245714,1,143,19,,https://scontent-sea1-1.xx.fbcdn.net/v/t51.2885-15/284767247_682665059496055_7044693684830096392_n.jpg?_nc_cat=105&ccb=1-7&_nc_sid=86c713&_nc_ohc=J2pDw0J8HLYAX9t5NKC&_nc_ht=scontent-sea1-1.xx&edm=AL-3X8kEAAAA&oh=00_AT_gcPijfSOKPXyOmvw-5sU2uJHasSaiXCCG2kFPt3fotA&oe=63438427,"wineshop&tastingroom
wine seminarğŸ·
ğŸ“010-4283-9115",2022-10-06 09:46:48.526,506,16
after9,2022-10-07,after9nwine,17841416197245714,1,145,19,,https://scontent-lcy1-1.xx.fbcdn.net/v/t51.2885-15/284767247_682665059496055_7044693684830096392_n.jpg?_nc_cat=105&ccb=1-7&_nc_sid=86c713&_nc_ohc=J2pDw0J8HLYAX-E2rj9&_nc_ht=scontent-lcy1-1.xx&edm=AL-3X8kEAAAA&oh=00_AT9zlEGxF6R-TTLjLsr2ViSBOjGQqvnpeCJkzWXfnYZJfA&oe=63438427,"wineshop&tastingroom
wine seminarğŸ·
ğŸ“010-4283-9115",2022-10-07 09:59:32.654,507,16
after9,2022-10-08,after9nwine,17841416197245714,1,146,19,,https://scontent-sjc3-1.xx.fbcdn.net/v/t51.2885-15/284767247_682665059496055_7044693684830096392_n.jpg?_nc_cat=105&ccb=1-7&_nc_sid=86c713&_nc_ohc=J2pDw0J8HLYAX8CFO_B&_nc_ht=scontent-sjc3-1.xx&edm=AL-3X8kEAAAA&oh=00_AT9xO6OXS5lcoyRNfeqXVryhHpbrA8aS3UH75YBs8PW0zA&oe=63457E67,"wineshop&tastingroom
wine seminarğŸ·
ğŸ“010-4283-9115",2022-10-08 09:42:52.216,509,16
winebook_official,2022-09-27,winebook_official,17841447684956802,342,3740,490,http://www.winebook.co.kr/,https://scontent-ssn1-1.xx.fbcdn.net/v/t51.2885-15/204724489_155824759872357_7579385208215269792_n.jpg?_nc_cat=109&ccb=1-7&_nc_sid=86c713&_nc_ohc=5FY9FEdLAdAAX-82k48&_nc_ht=scontent-ssn1-1.xx&edm=AL-3X8kEAAAA&oh=00_AT9TWZziU2-ytlTpzSSYKRv2FY_M7VLo4pXz6bzF__YBYg&oe=633719E5,"Winebook Club, Book Your Wine
í…Œì´ìŠ¤íŒ… ì‹ ì²­í•˜ê¸°
â¬‡ï¸â¬‡ï¸â¬‡ï¸â¬‡ï¸â¬‡ï¸",2022-09-27 14:51:36.124,2981,347
winebook_official,2022-09-28,winebook_official,17841447684956802,342,3743,492,http://www.winebook.co.kr/,https://scontent-gmp1-1.xx.fbcdn.net/v/t51.2885-15/204724489_155824759872357_7579385208215269792_n.jpg?_nc_cat=109&ccb=1-7&_nc_sid=86c713&_nc_ohc=5FY9FEdLAdAAX_UpBgT&_nc_ht=scontent-gmp1-1.xx&edm=AL-3X8kEAAAA&oh=00_AT8KRsdASQwH2ynAfGNaGkJAlpjZzAY7TkdYNgRZNKArAA&oe=63391425,"Winebook Club, Book Your Wine
í…Œì´ìŠ¤íŒ… ì‹ ì²­í•˜ê¸°
â¬‡ï¸â¬‡ï¸â¬‡ï¸â¬‡ï¸â¬‡ï¸",2022-09-28 16:37:40.352,3021,334
winebook_official,2022-09-29,winebook_official,17841447684956802,345,3740,495,http://www.winebook.co.kr/,https://scontent-sjc3-1.xx.fbcdn.net/v/t51.2885-15/204724489_155824759872357_7579385208215269792_n.jpg?_nc_cat=109&ccb=1-7&_nc_sid=86c713&_nc_ohc=SO-1_gO2EDkAX_hRzmK&_nc_ht=scontent-sjc3-1.xx&edm=AL-3X8kEAAAA&oh=00_AT_TU2KL6lKrGwvqykhy7NUCl64AmrASAdOGL28XwtCkew&oe=633B0E65,"Winebook Club, Book Your Wine
í…Œì´ìŠ¤íŒ… ì‹ ì²­í•˜ê¸°
â¬‡ï¸â¬‡ï¸â¬‡ï¸â¬‡ï¸â¬‡ï¸",2022-09-29 16:33:18.004,3030,331
winebook_official,2022-09-30,winebook_official,17841447684956802,345,3739,497,http://www.winebook.co.kr/,https://scontent-sea1-1.xx.fbcdn.net/v/t51.2885-15/204724489_155824759872357_7579385208215269792_n.jpg?_nc_cat=109&ccb=1-7&_nc_sid=86c713&_nc_ohc=SO-1_gO2EDkAX_h9lr4&_nc_ht=scontent-sea1-1.xx&edm=AL-3X8kEAAAA&oh=00_AT95TwK4XjymBXzwuM_Hy4f4iRC_H2ZZaTh7znvOY67qtw&oe=633B0E65,"Winebook Club, Book Your Wine
í…Œì´ìŠ¤íŒ… ì‹ ì²­í•˜ê¸°
â¬‡ï¸â¬‡ï¸â¬‡ï¸â¬‡ï¸â¬‡ï¸",2022-09-30 10:06:15.067,2747,152
winebook_official,2022-10-01,winebook_official,17841447684956802,346,3742,501,http://www.winebook.co.kr/,https://scontent-sea1-1.xx.fbcdn.net/v/t51.2885-15/204724489_155824759872357_7579385208215269792_n.jpg?_nc_cat=109&ccb=1-7&_nc_sid=86c713&_nc_ohc=SO-1_gO2EDkAX8te0nv&_nc_ht=scontent-sea1-1.xx&edm=AL-3X8kEAAAA&oh=00_AT8SiAcDsoWPzV51HN50hIVpz25YLddm1eujswD5hzRSCg&oe=633D08A5,"Winebook Club, Book Your Wine
í…Œì´ìŠ¤íŒ… ì‹ ì²­í•˜ê¸°
â¬‡ï¸â¬‡ï¸â¬‡ï¸â¬‡ï¸â¬‡ï¸",2022-10-01 10:00:25.258,2778,196
winebook_official,2022-10-02,winebook_official,17841447684956802,346,3740,501,http://www.winebook.co.kr/,https://scontent-sea1-1.xx.fbcdn.net/v/t51.2885-15/204724489_155824759872357_7579385208215269792_n.jpg?_nc_cat=109&ccb=1-7&_nc_sid=86c713&_nc_ohc=BYmEu8Hgy50AX9Cat14&_nc_ht=scontent-sea1-1.xx&edm=AL-3X8kEAAAA&oh=00_AT_pHaGFEfsNtL-bHP96bgunpdgHhjA-N5gYRLC_iracYQ&oe=633D08A5,"Winebook Club, Book Your Wine
í…Œì´ìŠ¤íŒ… ì‹ ì²­í•˜ê¸°
â¬‡ï¸â¬‡ï¸â¬‡ï¸â¬‡ï¸â¬‡ï¸",2022-10-02 09:52:10.568,2902,209
winebook_official,2022-10-03,winebook_official,17841447684956802,346,3741,501,http://www.winebook.co.kr/,https://scontent-iad3-1.xx.fbcdn.net/v/t51.2885-15/204724489_155824759872357_7579385208215269792_n.jpg?_nc_cat=109&ccb=1-7&_nc_sid=86c713&_nc_ohc=BYmEu8Hgy50AX_BLbMN&_nc_ht=scontent-iad3-1.xx&edm=AL-3X8kEAAAA&oh=00_AT8uy7VsflNraHrQfNfA4foKszjN2OE1mrlUci8KSW1gog&oe=633F02E5,"Winebook Club, Book Your Wine
í…Œì´ìŠ¤íŒ… ì‹ ì²­í•˜ê¸°
â¬‡ï¸â¬‡ï¸â¬‡ï¸â¬‡ï¸â¬‡ï¸",2022-10-03 09:43:48.066,2955,212
winebook_official,2022-10-04,winebook_official,17841447684956802,350,3743,501,http://www.winebook.co.kr/,https://scontent-sea1-1.xx.fbcdn.net/v/t51.2885-15/204724489_155824759872357_7579385208215269792_n.jpg?_nc_cat=109&ccb=1-7&_nc_sid=86c713&_nc_ohc=BYmEu8Hgy50AX-by-TV&_nc_ht=scontent-sea1-1.xx&edm=AL-3X8kEAAAA&oh=00_AT9tR6DR-tGdWnN_nw-_xJQB-_wrImIFl8bfHGBYpgvt1w&oe=6340FD25,"Winebook Club, Book Your Wine
í…Œì´ìŠ¤íŒ… ì‹ ì²­í•˜ê¸°
â¬‡ï¸â¬‡ï¸â¬‡ï¸â¬‡ï¸â¬‡ï¸",2022-10-04 09:54:20.987,2989,218
winebook_official,2022-10-05,winebook_official,17841447684956802,350,3746,505,http://www.winebook.co.kr/,https://scontent-iad3-1.xx.fbcdn.net/v/t51.2885-15/204724489_155824759872357_7579385208215269792_n.jpg?_nc_cat=109&ccb=1-7&_nc_sid=86c713&_nc_ohc=OxpSz0VP8_8AX8hpiPo&_nc_ht=scontent-iad3-1.xx&edm=AL-3X8kEAAAA&oh=00_AT9eVXXz2bIHymQXkWHrJcANQqOLsM5oXfqpYGOStUNmNQ&oe=6340FD25,"Winebook Club, Book Your Wine
í…Œì´ìŠ¤íŒ… ì‹ ì²­í•˜ê¸°
â¬‡ï¸â¬‡ï¸â¬‡ï¸â¬‡ï¸â¬‡ï¸",2022-10-05 09:53:41.727,2695,142
winebook_official,2022-10-06,winebook_official,17841447684956802,351,3746,506,http://www.winebook.co.kr/,https://scontent-sea1-1.xx.fbcdn.net/v/t51.2885-15/204724489_155824759872357_7579385208215269792_n.jpg?_nc_cat=109&ccb=1-7&_nc_sid=86c713&_nc_ohc=OxpSz0VP8_8AX_bFY36&_nc_ht=scontent-sea1-1.xx&edm=AL-3X8kEAAAA&oh=00_AT_vd-pMYBP2tvZ_XkD8BtqatY6I7MC0Eqxf22cf9tVhCg&oe=6342F765,"Winebook Club, Book Your Wine
í…Œì´ìŠ¤íŒ… ì‹ ì²­í•˜ê¸°
â¬‡ï¸â¬‡ï¸â¬‡ï¸â¬‡ï¸â¬‡ï¸",2022-10-06 09:46:48.526,2713,147
winebook_official,2022-10-07,winebook_official,17841447684956802,351,3753,508,http://www.winebook.co.kr/,https://scontent-lcy1-1.xx.fbcdn.net/v/t51.2885-15/204724489_155824759872357_7579385208215269792_n.jpg?_nc_cat=109&ccb=1-7&_nc_sid=86c713&_nc_ohc=OxpSz0VP8_8AX-kPzOp&_nc_ht=scontent-lcy1-1.xx&edm=AL-3X8kEAAAA&oh=00_AT82DYMi3C_PL7vv6a4mrQ9O2unL5NxWr2dgo36RexzjDQ&oe=6344F1A5,"Winebook Club, Book Your Wine
í…Œì´ìŠ¤íŒ… ì‹ ì²­í•˜ê¸°
â¬‡ï¸â¬‡ï¸â¬‡ï¸â¬‡ï¸â¬‡ï¸",2022-10-07 09:59:32.654,2737,159
winebook_official,2022-10-08,winebook_official,17841447684956802,351,3771,510,http://www.winebook.co.kr/,https://scontent-sjc3-1.xx.fbcdn.net/v/t51.2885-15/204724489_155824759872357_7579385208215269792_n.jpg?_nc_cat=109&ccb=1-7&_nc_sid=86c713&_nc_ohc=eCiWpPGoR1EAX8ycsWV&_nc_ht=scontent-sjc3-1.xx&edm=AL-3X8kEAAAA&oh=00_AT_ru7fyHTsbfMq9fpAiTrOTAf1ktQRPAtAE_HOG3wMVCA&oe=6344F1A5,"Winebook Club, Book Your Wine
í…Œì´ìŠ¤íŒ… ì‹ ì²­í•˜ê¸°
â¬‡ï¸â¬‡ï¸â¬‡ï¸â¬‡ï¸â¬‡ï¸",2022-10-08 09:42:52.216,2884,244
á„‚á…¡á„…á…¡á„‰á…¦á†¯á„…á…¡ â€¢ NARA CELLAR,2022-09-27,naracellar,17841405690478812,102,9026,473,https://naracellar.com/,https://scontent-ssn1-1.xx.fbcdn.net/v/t51.2885-15/139566720_1507129532819956_3674880356484992410_n.jpg?_nc_cat=111&ccb=1-7&_nc_sid=86c713&_nc_ohc=UGXkQoV4gWEAX88grm-&_nc_ht=scontent-ssn1-1.xx&edm=AL-3X8kEAAAA&oh=00_AT9Mm-Pzt5rF8R9s7VkPYOYlJg6N9vPmHs6gsE1jwCoCVA&oe=6337D34C,"ì™€ì¸ ë¬¸í™”ë¥¼ ì„ ë„í•˜ëŠ” ê¸°ì—…, ë‚˜ë¼ì…€ë¼ ê³µì‹ ì¸ìŠ¤íƒ€ê·¸ë¨ ê³„ì •ì…ë‹ˆë‹¤",2022-09-27 14:51:36.124,2859,96
á„‚á…¡á„…á…¡á„‰á…¦á†¯á„…á…¡ â€¢ NARA CELLAR,2022-09-28,naracellar,17841405690478812,102,9030,473,https://naracellar.com/,https://scontent-gmp1-1.xx.fbcdn.net/v/t51.2885-15/139566720_1507129532819956_3674880356484992410_n.jpg?_nc_cat=111&ccb=1-7&_nc_sid=86c713&_nc_ohc=UGXkQoV4gWEAX_tcqmr&_nc_ht=scontent-gmp1-1.xx&edm=AL-3X8kEAAAA&oh=00_AT8py_NIWzWSRi_ip-bkqd203gx3O4pHhiBxQLpxMI61sg&oe=6339CD8C,"ì™€ì¸ ë¬¸í™”ë¥¼ ì„ ë„í•˜ëŠ” ê¸°ì—…, ë‚˜ë¼ì…€ë¼ ê³µì‹ ì¸ìŠ¤íƒ€ê·¸ë¨ ê³„ì •ì…ë‹ˆë‹¤",2022-09-28 16:37:40.352,2907,98
á„‚á…¡á„…á…¡á„‰á…¦á†¯á„…á…¡ â€¢ NARA CELLAR,2022-09-29,naracellar,17841405690478812,102,9028,474,https://naracellar.com/,https://scontent-sjc3-1.xx.fbcdn.net/v/t51.2885-15/139566720_1507129532819956_3674880356484992410_n.jpg?_nc_cat=111&ccb=1-7&_nc_sid=86c713&_nc_ohc=UGXkQoV4gWEAX_0sSZ1&_nc_ht=scontent-sjc3-1.xx&edm=AL-3X8kEAAAA&oh=00_AT_RtPe5u7yMLrS71r41tG75_SFmvRhfgR3eSlmVDv1O2A&oe=6339CD8C,"ì™€ì¸ ë¬¸í™”ë¥¼ ì„ ë„í•˜ëŠ” ê¸°ì—…, ë‚˜ë¼ì…€ë¼ ê³µì‹ ì¸ìŠ¤íƒ€ê·¸ë¨ ê³„ì •ì…ë‹ˆë‹¤",2022-09-29 16:33:18.004,2881,100
á„‚á…¡á„…á…¡á„‰á…¦á†¯á„…á…¡ â€¢ NARA CELLAR,2022-09-30,naracellar,17841405690478812,102,9027,468,https://naracellar.com/,https://scontent-sea1-1.xx.fbcdn.net/v/t51.2885-15/139566720_1507129532819956_3674880356484992410_n.jpg?_nc_cat=111&ccb=1-7&_nc_sid=86c713&_nc_ohc=7aWuLIIilygAX-785Jo&_nc_ht=scontent-sea1-1.xx&edm=AL-3X8kEAAAA&oh=00_AT_ImYKeS_8t3ciYPWBjqwxeWoyC9fy2J7Nb6ITAuC7H9A&oe=633BC7CC,"ì™€ì¸ ë¬¸í™”ë¥¼ ì„ ë„í•˜ëŠ” ê¸°ì—…, ë‚˜ë¼ì…€ë¼ ê³µì‹ ì¸ìŠ¤íƒ€ê·¸ë¨ ê³„ì •ì…ë‹ˆë‹¤",2022-09-30 10:06:15.067,2915,101
á„‚á…¡á„…á…¡á„‰á…¦á†¯á„…á…¡ â€¢ NARA CELLAR,2022-10-01,naracellar,17841405690478812,102,9028,468,https://naracellar.com/,https://scontent-sea1-1.xx.fbcdn.net/v/t51.2885-15/139566720_1507129532819956_3674880356484992410_n.jpg?_nc_cat=111&ccb=1-7&_nc_sid=86c713&_nc_ohc=7aWuLIIilygAX84U55n&_nc_ht=scontent-sea1-1.xx&edm=AL-3X8kEAAAA&oh=00_AT_DW3idkE53t__AhRoOMsK8jzVBHLdbs1KiJ_F36Jl1_Q&oe=633BC7CC,"ì™€ì¸ ë¬¸í™”ë¥¼ ì„ ë„í•˜ëŠ” ê¸°ì—…, ë‚˜ë¼ì…€ë¼ ê³µì‹ ì¸ìŠ¤íƒ€ê·¸ë¨ ê³„ì •ì…ë‹ˆë‹¤",2022-10-01 10:00:25.258,2923,101
á„‚á…¡á„…á…¡á„‰á…¦á†¯á„…á…¡ â€¢ NARA CELLAR,2022-10-02,naracellar,17841405690478812,102,9024,468,https://naracellar.com/,https://scontent-sea1-1.xx.fbcdn.net/v/t51.2885-15/139566720_1507129532819956_3674880356484992410_n.jpg?_nc_cat=111&ccb=1-7&_nc_sid=86c713&_nc_ohc=7aWuLIIilygAX9fqgOM&_nc_ht=scontent-sea1-1.xx&edm=AL-3X8kEAAAA&oh=00_AT-eBV_n1pcvPwkOFOqbH9bkScHPyopcg0u1L57cY5dmLw&oe=633DC20C,"ì™€ì¸ ë¬¸í™”ë¥¼ ì„ ë„í•˜ëŠ” ê¸°ì—…, ë‚˜ë¼ì…€ë¼ ê³µì‹ ì¸ìŠ¤íƒ€ê·¸ë¨ ê³„ì •ì…ë‹ˆë‹¤",2022-10-02 09:52:10.568,2931,101
á„‚á…¡á„…á…¡á„‰á…¦á†¯á„…á…¡ â€¢ NARA CELLAR,2022-10-03,naracellar,17841405690478812,102,9027,468,https://naracellar.com/,https://scontent-iad3-1.xx.fbcdn.net/v/t51.2885-15/139566720_1507129532819956_3674880356484992410_n.jpg?_nc_cat=111&ccb=1-7&_nc_sid=86c713&_nc_ohc=dVdmG7GZLVQAX_G1grX&_nc_ht=scontent-iad3-1.xx&edm=AL-3X8kEAAAA&oh=00_AT83brjW5s_OU8RvAz1f2GCpHLBCUDOmHMiDDIHsx6udbg&oe=633FBC4C,"ì™€ì¸ ë¬¸í™”ë¥¼ ì„ ë„í•˜ëŠ” ê¸°ì—…, ë‚˜ë¼ì…€ë¼ ê³µì‹ ì¸ìŠ¤íƒ€ê·¸ë¨ ê³„ì •ì…ë‹ˆë‹¤",2022-10-03 09:43:48.066,2934,101
á„‚á…¡á„…á…¡á„‰á…¦á†¯á„…á…¡ â€¢ NARA CELLAR,2022-10-04,naracellar,17841405690478812,102,9024,468,https://naracellar.com/,https://scontent-sea1-1.xx.fbcdn.net/v/t51.2885-15/139566720_1507129532819956_3674880356484992410_n.jpg?_nc_cat=111&ccb=1-7&_nc_sid=86c713&_nc_ohc=dVdmG7GZLVQAX_qWkmb&_nc_ht=scontent-sea1-1.xx&edm=AL-3X8kEAAAA&oh=00_AT9fCccX8xU1ZP3x-qtAMSg1ivMGX0T-VVJJFhmDHplpKQ&oe=633FBC4C,"ì™€ì¸ ë¬¸í™”ë¥¼ ì„ ë„í•˜ëŠ” ê¸°ì—…, ë‚˜ë¼ì…€ë¼ ê³µì‹ ì¸ìŠ¤íƒ€ê·¸ë¨ ê³„ì •ì…ë‹ˆë‹¤",2022-10-04 09:54:20.987,2959,101
á„‚á…¡á„…á…¡á„‰á…¦á†¯á„…á…¡ â€¢ NARA CELLAR,2022-10-05,naracellar,17841405690478812,102,9019,466,https://naracellar.com/,https://scontent-iad3-1.xx.fbcdn.net/v/t51.2885-15/139566720_1507129532819956_3674880356484992410_n.jpg?_nc_cat=111&ccb=1-7&_nc_sid=86c713&_nc_ohc=dVdmG7GZLVQAX9XZUkG&_nc_ht=scontent-iad3-1.xx&edm=AL-3X8kEAAAA&oh=00_AT99gqwRMK2jOEJWrzQIzO5SZFQgnSQj-ehhBKjQU97Qyg&oe=6341B68C,"ì™€ì¸ ë¬¸í™”ë¥¼ ì„ ë„í•˜ëŠ” ê¸°ì—…, ë‚˜ë¼ì…€ë¼ ê³µì‹ ì¸ìŠ¤íƒ€ê·¸ë¨ ê³„ì •ì…ë‹ˆë‹¤",2022-10-05 09:53:41.727,2923,100
á„‚á…¡á„…á…¡á„‰á…¦á†¯á„…á…¡ â€¢ NARA CELLAR,2022-10-06,naracellar,17841405690478812,102,9020,467,https://naracellar.com/,https://scontent-sea1-1.xx.fbcdn.net/v/t51.2885-15/139566720_1507129532819956_3674880356484992410_n.jpg?_nc_cat=111&ccb=1-7&_nc_sid=86c713&_nc_ohc=tKod3gz-BiUAX-m4Laj&_nc_ht=scontent-sea1-1.xx&edm=AL-3X8kEAAAA&oh=00_AT-XZ-89vy-nLsTWBuRuvAPhrKoT2-hp7_Z5cKGJhdnfOg&oe=6343B0CC,"ì™€ì¸ ë¬¸í™”ë¥¼ ì„ ë„í•˜ëŠ” ê¸°ì—…, ë‚˜ë¼ì…€ë¼ ê³µì‹ ì¸ìŠ¤íƒ€ê·¸ë¨ ê³„ì •ì…ë‹ˆë‹¤",2022-10-06 09:46:48.526,2902,107
á„‚á…¡á„…á…¡á„‰á…¦á†¯á„…á…¡ â€¢ NARA CELLAR,2022-10-07,naracellar,17841405690478812,102,9023,467,https://naracellar.com/,https://scontent-lcy1-1.xx.fbcdn.net/v/t51.2885-15/139566720_1507129532819956_3674880356484992410_n.jpg?_nc_cat=111&ccb=1-7&_nc_sid=86c713&_nc_ohc=tKod3gz-BiUAX8zNJGV&_nc_ht=scontent-lcy1-1.xx&edm=AL-3X8kEAAAA&oh=00_AT-XFH9c_buLHL8ZkcEXOdCUYPfkAXMEYUVabjdHd8bvlQ&oe=6343B0CC,"ì™€ì¸ ë¬¸í™”ë¥¼ ì„ ë„í•˜ëŠ” ê¸°ì—…, ë‚˜ë¼ì…€ë¼ ê³µì‹ ì¸ìŠ¤íƒ€ê·¸ë¨ ê³„ì •ì…ë‹ˆë‹¤",2022-10-07 09:59:32.654,2906,107
á„‚á…¡á„…á…¡á„‰á…¦á†¯á„…á…¡ â€¢ NARA CELLAR,2022-10-08,naracellar,17841405690478812,102,9026,468,https://naracellar.com/,https://scontent-sjc3-1.xx.fbcdn.net/v/t51.2885-15/139566720_1507129532819956_3674880356484992410_n.jpg?_nc_cat=111&ccb=1-7&_nc_sid=86c713&_nc_ohc=tKod3gz-BiUAX_CQF3M&_nc_ht=scontent-sjc3-1.xx&edm=AL-3X8kEAAAA&oh=00_AT8nGxi_YbWLhyuSOxoAXrX6MDug8y5dLjprcQpepNbX4g&oe=6345AB0C,"ì™€ì¸ ë¬¸í™”ë¥¼ ì„ ë„í•˜ëŠ” ê¸°ì—…, ë‚˜ë¼ì…€ë¼ ê³µì‹ ì¸ìŠ¤íƒ€ê·¸ë¨ ê³„ì •ì…ë‹ˆë‹¤",2022-10-08 09:42:52.216,2822,97
á„‹á…ªá„‹á…µá†«21 @wine21.com,2022-09-27,wine21_korea,17841401765469832,3041,12036,924,https://linktr.ee/Wine21,https://scontent-ssn1-1.xx.fbcdn.net/v/t51.2885-15/249334667_585773885977785_3652660761559161739_n.jpg?_nc_cat=106&ccb=1-7&_nc_sid=86c713&_nc_ohc=Rh-yFemRJLUAX-Cdv-K&_nc_ht=scontent-ssn1-1.xx&edm=AL-3X8kEAAAA&oh=00_AT-sSkhWqENzybCqx5fxKy_QM0FFjQse7wyPwHiqad4zmQ&oe=6338463A,,2022-09-27 14:51:36.124,6375,663
á„‹á…ªá„‹á…µá†«21 @wine21.com,2022-09-28,wine21_korea,17841401765469832,3041,12052,925,https://linktr.ee/Wine21,https://scontent-gmp1-1.xx.fbcdn.net/v/t51.2885-15/249334667_585773885977785_3652660761559161739_n.jpg?_nc_cat=106&ccb=1-7&_nc_sid=86c713&_nc_ohc=Rh-yFemRJLUAX80UC8O&_nc_ht=scontent-gmp1-1.xx&edm=AL-3X8kEAAAA&oh=00_AT_7n1BjWqjW-RhXVexgJLBCLxqSzxeuynFrw8oDUclYeQ&oe=6338463A,,2022-09-28 16:37:40.352,6477,674
á„‹á…ªá„‹á…µá†«21 @wine21.com,2022-09-29,wine21_korea,17841401765469832,3044,12048,925,https://linktr.ee/Wine21,https://scontent-sjc3-1.xx.fbcdn.net/v/t51.2885-15/249334667_585773885977785_3652660761559161739_n.jpg?_nc_cat=106&ccb=1-7&_nc_sid=86c713&_nc_ohc=xTB9445U0nYAX_-zh2g&_nc_ht=scontent-sjc3-1.xx&edm=AL-3X8kEAAAA&oh=00_AT96QmsfxUe54290Yv0gUVGUzRIenmIZlPPkp5wgIilaaA&oe=633A407A,,2022-09-29 16:33:18.004,6583,676
á„‹á…ªá„‹á…µá†«21 @wine21.com,2022-09-30,wine21_korea,17841401765469832,3045,12049,925,https://linktr.ee/Wine21,https://scontent-sea1-1.xx.fbcdn.net/v/t51.2885-15/249334667_585773885977785_3652660761559161739_n.jpg?_nc_cat=106&ccb=1-7&_nc_sid=86c713&_nc_ohc=xTB9445U0nYAX_WUs7w&_nc_ht=scontent-sea1-1.xx&edm=AL-3X8kEAAAA&oh=00_AT_-LeUBGYDnkjj9DjgI4s3TaQtlGlotIPhOyzkUo9WUOQ&oe=633A407A,,2022-09-30 10:06:15.067,6603,677
á„‹á…ªá„‹á…µá†«21 @wine21.com,2022-10-01,wine21_korea,17841401765469832,3044,12056,925,https://linktr.ee/Wine21,https://scontent-sea1-1.xx.fbcdn.net/v/t51.2885-15/249334667_585773885977785_3652660761559161739_n.jpg?_nc_cat=106&ccb=1-7&_nc_sid=86c713&_nc_ohc=xTB9445U0nYAX_ooSJv&_nc_ht=scontent-sea1-1.xx&edm=AL-3X8kEAAAA&oh=00_AT-cP10o7DUbOX9EtGZl2ny6pYg1LqG7bmgXdZzeCauV4w&oe=633C3ABA,,2022-10-01 10:00:25.258,6620,677
á„‹á…ªá„‹á…µá†«21 @wine21.com,2022-10-02,wine21_korea,17841401765469832,3045,12055,925,https://linktr.ee/Wine21,https://scontent-sea1-1.xx.fbcdn.net/v/t51.2885-15/249334667_585773885977785_3652660761559161739_n.jpg?_nc_cat=106&ccb=1-7&_nc_sid=86c713&_nc_ohc=xTB9445U0nYAX-s78oJ&_nc_ht=scontent-sea1-1.xx&edm=AL-3X8kEAAAA&oh=00_AT8XTIHEE0k3zbH8oGiM9aN71x5ClKjSrLG8AGuwDxuaiQ&oe=633E34FA,,2022-10-02 09:52:10.568,6626,677
á„‹á…ªá„‹á…µá†«21 @wine21.com,2022-10-03,wine21_korea,17841401765469832,3045,12071,926,https://linktr.ee/Wine21,https://scontent-iad3-1.xx.fbcdn.net/v/t51.2885-15/249334667_585773885977785_3652660761559161739_n.jpg?_nc_cat=106&ccb=1-7&_nc_sid=86c713&_nc_ohc=tBWBoCUOFNgAX_efDjZ&_nc_ht=scontent-iad3-1.xx&edm=AL-3X8kEAAAA&oh=00_AT838LL3dWTiK_2RofuTs0c81LA5ltfZgXQTvB_NMTP_zw&oe=633E34FA,,2022-10-03 09:43:48.066,6495,674
á„‹á…ªá„‹á…µá†«21 @wine21.com,2022-10-04,wine21_korea,17841401765469832,3044,12073,927,https://linktr.ee/Wine21,https://scontent-sea1-1.xx.fbcdn.net/v/t51.2885-15/249334667_585773885977785_3652660761559161739_n.jpg?_nc_cat=106&ccb=1-7&_nc_sid=86c713&_nc_ohc=tBWBoCUOFNgAX_hc3Vn&_nc_ht=scontent-sea1-1.xx&edm=AL-3X8kEAAAA&oh=00_AT9Jq2gHVUdM9WoWtIm7Q1KUNVtwfivojvKbOS6XmzvIZg&oe=63402F3A,,2022-10-04 09:54:20.987,6456,674
á„‹á…ªá„‹á…µá†«21 @wine21.com,2022-10-05,wine21_korea,17841401765469832,3044,12074,929,https://linktr.ee/Wine21,https://scontent-iad3-1.xx.fbcdn.net/v/t51.2885-15/249334667_585773885977785_3652660761559161739_n.jpg?_nc_cat=106&ccb=1-7&_nc_sid=86c713&_nc_ohc=tBWBoCUOFNgAX-_UiQS&_nc_ht=scontent-iad3-1.xx&edm=AL-3X8kEAAAA&oh=00_AT-Mi3M53AWYcXy43G78z6Y8D0pcodmIiq-mR1PUOmUDMQ&oe=6342297A,,2022-10-05 09:53:41.727,6170,521
á„‹á…ªá„‹á…µá†«21 @wine21.com,2022-10-06,wine21_korea,17841401765469832,3045,12082,931,https://linktr.ee/Wine21,https://scontent-sea1-1.xx.fbcdn.net/v/t51.2885-15/249334667_585773885977785_3652660761559161739_n.jpg?_nc_cat=106&ccb=1-7&_nc_sid=86c713&_nc_ohc=bmJXYjnRObIAX8nXigX&_nc_ht=scontent-sea1-1.xx&edm=AL-3X8kEAAAA&oh=00_AT9CWwqGuil4lydUiG9cUxzmBQ_tYv4vLZIxlPJmRxgpUA&oe=6342297A,,2022-10-06 09:46:48.526,6092,498
á„‹á…ªá„‹á…µá†«21 @wine21.com,2022-10-07,wine21_korea,17841401765469832,3042,12092,932,https://linktr.ee/Wine21,https://scontent-lcy1-1.xx.fbcdn.net/v/t51.2885-15/249334667_585773885977785_3652660761559161739_n.jpg?_nc_cat=106&ccb=1-7&_nc_sid=86c713&_nc_ohc=bmJXYjnRObIAX9sMbCm&_nc_ht=scontent-lcy1-1.xx&edm=AL-3X8kEAAAA&oh=00_AT8VkY2Jwn-zaG9KrVRaoRHet7xck90cXjTiHt7ng9R8pQ&oe=634423BA,,2022-10-07 09:59:32.654,6077,498
á„‹á…ªá„‹á…µá†«21 @wine21.com,2022-10-08,wine21_korea,17841401765469832,3042,12102,934,https://linktr.ee/Wine21,https://scontent-sjc3-1.xx.fbcdn.net/v/t51.2885-15/249334667_585773885977785_3652660761559161739_n.jpg?_nc_cat=106&ccb=1-7&_nc_sid=86c713&_nc_ohc=bmJXYjnRObIAX8KwZ94&_nc_ht=scontent-sjc3-1.xx&edm=AL-3X8kEAAAA&oh=00_AT9-SYA2Sb62sIC7GdTufdjepWzm42WF5qGzeHUdxT7psA&oe=63461DFA,,2022-10-08 09:42:52.216,5904,487
á„‹á…ªá„‹á…µá†«á„‡á…µá„Œá…¥á†« Winevision,2022-09-27,winevision,17841402382140592,1521,7688,2960,https://linktr.ee/winevision,https://scontent-ssn1-1.xx.fbcdn.net/v/t51.2885-15/211538249_1160785267774819_860451889963129583_n.jpg?_nc_cat=107&ccb=1-7&_nc_sid=86c713&_nc_ohc=prygqyUS0tUAX9SS-Ai&_nc_ht=scontent-ssn1-1.xx&edm=AL-3X8kEAAAA&oh=00_AT-0SpOMUnjt6Z3Uwiu1dGWFcDSUNRu8T-lRwp_xQ6f0Ng&oe=6337A714,"#ì™€ì¸ë¹„ì „ #ì™€ì¸ìŠ¤íƒ€ê·¸ë¨ #ì™€ì¸í´ë˜ìŠ¤ 
ğŸ·ì‚¶ì— ìƒˆë¡œìš´ ì–¸ì–´ë¥¼ ë”í•˜ëŠ” ì™€ì¸ë¹„ì „ğŸ·
ì™€ì¸ êµìœ¡, ì™€ì¸ ì´ë²¤íŠ¸, ì™€ì¸ ì‹œìŒíšŒ ì •ë³´ 
â†“â†“â†“ì•„ë˜ í”„ë¡œí•„ ë§í¬ í´ë¦­!",2022-09-27 14:51:36.124,1448,17
á„‹á…ªá„‹á…µá†«á„‡á…µá„Œá…¥á†« Winevision,2022-09-28,winevision,17841402382140592,1522,7689,2964,https://linktr.ee/winevision,https://scontent-gmp1-1.xx.fbcdn.net/v/t51.2885-15/211538249_1160785267774819_860451889963129583_n.jpg?_nc_cat=107&ccb=1-7&_nc_sid=86c713&_nc_ohc=prygqyUS0tUAX8lLibD&_nc_ht=scontent-gmp1-1.xx&edm=AL-3X8kEAAAA&oh=00_AT9-OYsvQfGvagk7gwn57cDKLOU4FYIQRJ0y_IjvKRc4Wg&oe=6339A154,"#ì™€ì¸ë¹„ì „ #ì™€ì¸ìŠ¤íƒ€ê·¸ë¨ #ì™€ì¸í´ë˜ìŠ¤ 
ğŸ·ì‚¶ì— ìƒˆë¡œìš´ ì–¸ì–´ë¥¼ ë”í•˜ëŠ” ì™€ì¸ë¹„ì „ğŸ·
ì™€ì¸ êµìœ¡, ì™€ì¸ ì´ë²¤íŠ¸, ì™€ì¸ ì‹œìŒíšŒ ì •ë³´ 
â†“â†“â†“ì•„ë˜ í”„ë¡œí•„ ë§í¬ í´ë¦­!",2022-09-28 16:37:40.352,1493,16
á„‹á…ªá„‹á…µá†«á„‡á…µá„Œá…¥á†« Winevision,2022-09-29,winevision,17841402382140592,1522,7689,2965,https://linktr.ee/winevision,https://scontent-sjc3-1.xx.fbcdn.net/v/t51.2885-15/211538249_1160785267774819_860451889963129583_n.jpg?_nc_cat=107&ccb=1-7&_nc_sid=86c713&_nc_ohc=7euFr33dGYcAX_fNGld&_nc_ht=scontent-sjc3-1.xx&edm=AL-3X8kEAAAA&oh=00_AT9fUXWQD0I0kY4dYB4HsaN_br9qAwdk5dEQqQM0UOFNbg&oe=6339A154,"#ì™€ì¸ë¹„ì „ #ì™€ì¸ìŠ¤íƒ€ê·¸ë¨ #ì™€ì¸í´ë˜ìŠ¤ 
ğŸ·ì‚¶ì— ìƒˆë¡œìš´ ì–¸ì–´ë¥¼ ë”í•˜ëŠ” ì™€ì¸ë¹„ì „ğŸ·
ì™€ì¸ êµìœ¡, ì™€ì¸ ì´ë²¤íŠ¸, ì™€ì¸ ì‹œìŒíšŒ ì •ë³´ 
â†“â†“â†“ì•„ë˜ í”„ë¡œí•„ ë§í¬ í´ë¦­!",2022-09-29 16:33:18.004,1456,14
á„‹á…ªá„‹á…µá†«á„‡á…µá„Œá…¥á†« Winevision,2022-09-30,winevision,17841402382140592,1522,7695,2967,https://linktr.ee/winevision,https://scontent-sea1-1.xx.fbcdn.net/v/t51.2885-15/211538249_1160785267774819_860451889963129583_n.jpg?_nc_cat=107&ccb=1-7&_nc_sid=86c713&_nc_ohc=7euFr33dGYcAX9XfIB3&_nc_ht=scontent-sea1-1.xx&edm=AL-3X8kEAAAA&oh=00_AT8yBwQyjBZDDWbyfObkEhlmFDWx62AsiwlNGxly5rHDUA&oe=633B9B94,"#ì™€ì¸ë¹„ì „ #ì™€ì¸ìŠ¤íƒ€ê·¸ë¨ #ì™€ì¸í´ë˜ìŠ¤ 
ğŸ·ì‚¶ì— ìƒˆë¡œìš´ ì–¸ì–´ë¥¼ ë”í•˜ëŠ” ì™€ì¸ë¹„ì „ğŸ·
ì™€ì¸ êµìœ¡, ì™€ì¸ ì´ë²¤íŠ¸, ì™€ì¸ ì‹œìŒíšŒ ì •ë³´ 
â†“â†“â†“ì•„ë˜ í”„ë¡œí•„ ë§í¬ í´ë¦­!",2022-09-30 10:06:15.067,1387,16
á„‹á…ªá„‹á…µá†«á„‡á…µá„Œá…¥á†« Winevision,2022-10-01,winevision,17841402382140592,1522,7703,2969,https://linktr.ee/winevision,https://scontent-sea1-1.xx.fbcdn.net/v/t51.2885-15/211538249_1160785267774819_860451889963129583_n.jpg?_nc_cat=107&ccb=1-7&_nc_sid=86c713&_nc_ohc=7euFr33dGYcAX_1Rfex&_nc_ht=scontent-sea1-1.xx&edm=AL-3X8kEAAAA&oh=00_AT-1Z0UjZqHEKzikzWr_2jRaDY96jIy6Y1t_a1rTO_AE0g&oe=633B9B94,"#ì™€ì¸ë¹„ì „ #ì™€ì¸ìŠ¤íƒ€ê·¸ë¨ #ì™€ì¸í´ë˜ìŠ¤ 
ğŸ·ì‚¶ì— ìƒˆë¡œìš´ ì–¸ì–´ë¥¼ ë”í•˜ëŠ” ì™€ì¸ë¹„ì „ğŸ·
ì™€ì¸ êµìœ¡, ì™€ì¸ ì´ë²¤íŠ¸, ì™€ì¸ ì‹œìŒíšŒ ì •ë³´ 
â†“â†“â†“ì•„ë˜ í”„ë¡œí•„ ë§í¬ í´ë¦­!",2022-10-01 10:00:25.258,1412,17
á„‹á…ªá„‹á…µá†«á„‡á…µá„Œá…¥á†« Winevision,2022-10-02,winevision,17841402382140592,1521,7706,2970,https://linktr.ee/winevision,https://scontent-sea1-1.xx.fbcdn.net/v/t51.2885-15/211538249_1160785267774819_860451889963129583_n.jpg?_nc_cat=107&ccb=1-7&_nc_sid=86c713&_nc_ohc=mAGikhaJacoAX-3Ujo4&_nc_ht=scontent-sea1-1.xx&edm=AL-3X8kEAAAA&oh=00_AT_DwUvwcUuWstPYD-B5SDoV0iZHHJX6vs7FAvS1eLk6_w&oe=633D95D4,"#ì™€ì¸ë¹„ì „ #ì™€ì¸ìŠ¤íƒ€ê·¸ë¨ #ì™€ì¸í´ë˜ìŠ¤ 
ğŸ·ì‚¶ì— ìƒˆë¡œìš´ ì–¸ì–´ë¥¼ ë”í•˜ëŠ” ì™€ì¸ë¹„ì „ğŸ·
ì™€ì¸ êµìœ¡, ì™€ì¸ ì´ë²¤íŠ¸, ì™€ì¸ ì‹œìŒíšŒ ì •ë³´ 
â†“â†“â†“ì•„ë˜ í”„ë¡œí•„ ë§í¬ í´ë¦­!",2022-10-02 09:52:10.568,1427,17
á„‹á…ªá„‹á…µá†«á„‡á…µá„Œá…¥á†« Winevision,2022-10-03,winevision,17841402382140592,1522,7712,2971,https://linktr.ee/winevision,https://scontent-iad3-1.xx.fbcdn.net/v/t51.2885-15/211538249_1160785267774819_860451889963129583_n.jpg?_nc_cat=107&ccb=1-7&_nc_sid=86c713&_nc_ohc=mAGikhaJacoAX8qPA-s&_nc_ht=scontent-iad3-1.xx&edm=AL-3X8kEAAAA&oh=00_AT-GtH77AElvOsibuF4q1mH6j_S_brgm1ecxxGQNqLEplQ&oe=633F9014,"#ì™€ì¸ë¹„ì „ #ì™€ì¸ìŠ¤íƒ€ê·¸ë¨ #ì™€ì¸í´ë˜ìŠ¤ 
ğŸ·ì‚¶ì— ìƒˆë¡œìš´ ì–¸ì–´ë¥¼ ë”í•˜ëŠ” ì™€ì¸ë¹„ì „ğŸ·
ì™€ì¸ êµìœ¡, ì™€ì¸ ì´ë²¤íŠ¸, ì™€ì¸ ì‹œìŒíšŒ ì •ë³´ 
â†“â†“â†“ì•„ë˜ í”„ë¡œí•„ ë§í¬ í´ë¦­!",2022-10-03 09:43:48.066,1509,18
á„‹á…ªá„‹á…µá†«á„‡á…µá„Œá…¥á†« Winevision,2022-10-04,winevision,17841402382140592,1522,7717,2972,https://linktr.ee/winevision,https://scontent-sea1-1.xx.fbcdn.net/v/t51.2885-15/211538249_1160785267774819_860451889963129583_n.jpg?_nc_cat=107&ccb=1-7&_nc_sid=86c713&_nc_ohc=mAGikhaJacoAX_2U87q&_nc_ht=scontent-sea1-1.xx&edm=AL-3X8kEAAAA&oh=00_AT_dIkQsXyu9PP7LUei4YCoMXbFn-8iyOETeS1XreZXudA&oe=633F9014,"#ì™€ì¸ë¹„ì „ #ì™€ì¸ìŠ¤íƒ€ê·¸ë¨ #ì™€ì¸í´ë˜ìŠ¤ 
ğŸ·ì‚¶ì— ìƒˆë¡œìš´ ì–¸ì–´ë¥¼ ë”í•˜ëŠ” ì™€ì¸ë¹„ì „ğŸ·
ì™€ì¸ êµìœ¡, ì™€ì¸ ì´ë²¤íŠ¸, ì™€ì¸ ì‹œìŒíšŒ ì •ë³´ 
â†“â†“â†“ì•„ë˜ í”„ë¡œí•„ ë§í¬ í´ë¦­!",2022-10-04 09:54:20.987,1516,18
á„‹á…ªá„‹á…µá†«á„‡á…µá„Œá…¥á†« Winevision,2022-10-05,winevision,17841402382140592,1522,7717,2975,https://linktr.ee/winevision,https://scontent-iad3-1.xx.fbcdn.net/v/t51.2885-15/211538249_1160785267774819_860451889963129583_n.jpg?_nc_cat=107&ccb=1-7&_nc_sid=86c713&_nc_ohc=BSJZnnldLBUAX-hSkR7&_nc_ht=scontent-iad3-1.xx&edm=AL-3X8kEAAAA&oh=00_AT-T4-UAQLc7FTRBeu-wMUEIR2nxsw9hWiHrkTJi_VOlpw&oe=63418A54,"#ì™€ì¸ë¹„ì „ #ì™€ì¸ìŠ¤íƒ€ê·¸ë¨ #ì™€ì¸í´ë˜ìŠ¤ 
ğŸ·ì‚¶ì— ìƒˆë¡œìš´ ì–¸ì–´ë¥¼ ë”í•˜ëŠ” ì™€ì¸ë¹„ì „ğŸ·
ì™€ì¸ êµìœ¡, ì™€ì¸ ì´ë²¤íŠ¸, ì™€ì¸ ì‹œìŒíšŒ ì •ë³´ 
â†“â†“â†“ì•„ë˜ í”„ë¡œí•„ ë§í¬ í´ë¦­!",2022-10-05 09:53:41.727,1488,19
á„‹á…ªá„‹á…µá†«á„‡á…µá„Œá…¥á†« Winevision,2022-10-06,winevision,17841402382140592,1522,7722,2978,https://linktr.ee/winevision,https://scontent-sea1-1.xx.fbcdn.net/v/t51.2885-15/211538249_1160785267774819_860451889963129583_n.jpg?_nc_cat=107&ccb=1-7&_nc_sid=86c713&_nc_ohc=BSJZnnldLBUAX9orBPi&_nc_ht=scontent-sea1-1.xx&edm=AL-3X8kEAAAA&oh=00_AT-IsJS9huC4Hm1inLkOKV1KRLNqaKEhqmvxie_1BgIaoA&oe=63438494,"#ì™€ì¸ë¹„ì „ #ì™€ì¸ìŠ¤íƒ€ê·¸ë¨ #ì™€ì¸í´ë˜ìŠ¤ 
ğŸ·ì‚¶ì— ìƒˆë¡œìš´ ì–¸ì–´ë¥¼ ë”í•˜ëŠ” ì™€ì¸ë¹„ì „ğŸ·
ì™€ì¸ êµìœ¡, ì™€ì¸ ì´ë²¤íŠ¸, ì™€ì¸ ì‹œìŒíšŒ ì •ë³´ 
â†“â†“â†“ì•„ë˜ í”„ë¡œí•„ ë§í¬ í´ë¦­!",2022-10-06 09:46:48.526,1565,16
á„‹á…ªá„‹á…µá†«á„‡á…µá„Œá…¥á†« Winevision,2022-10-07,winevision,17841402382140592,1521,7720,2981,https://linktr.ee/winevision,https://scontent-lcy1-1.xx.fbcdn.net/v/t51.2885-15/211538249_1160785267774819_860451889963129583_n.jpg?_nc_cat=107&ccb=1-7&_nc_sid=86c713&_nc_ohc=BSJZnnldLBUAX8V5nGF&_nc_ht=scontent-lcy1-1.xx&edm=AL-3X8kEAAAA&oh=00_AT_F4zKEkl9KSnCfVYhsoTGtGwrqQm3PxsGBlm-Be2b0iA&oe=63438494,"#ì™€ì¸ë¹„ì „ #ì™€ì¸ìŠ¤íƒ€ê·¸ë¨ #ì™€ì¸í´ë˜ìŠ¤ 
ğŸ·ì‚¶ì— ìƒˆë¡œìš´ ì–¸ì–´ë¥¼ ë”í•˜ëŠ” ì™€ì¸ë¹„ì „ğŸ·
ì™€ì¸ êµìœ¡, ì™€ì¸ ì´ë²¤íŠ¸, ì™€ì¸ ì‹œìŒíšŒ ì •ë³´ 
â†“â†“â†“ì•„ë˜ í”„ë¡œí•„ ë§í¬ í´ë¦­!",2022-10-07 09:59:32.654,1598,15
á„‹á…ªá„‹á…µá†«á„‡á…µá„Œá…¥á†« Winevision,2022-10-08,winevision,17841402382140592,1522,7725,2982,https://linktr.ee/winevision,https://scontent-sjc3-1.xx.fbcdn.net/v/t51.2885-15/211538249_1160785267774819_860451889963129583_n.jpg?_nc_cat=107&ccb=1-7&_nc_sid=86c713&_nc_ohc=Ltz-Yu7oZDkAX_xSqdR&_nc_ht=scontent-sjc3-1.xx&edm=AL-3X8kEAAAA&oh=00_AT-uK2YftXCEnXJ30BZ4iBVJoj3C1mrpzJlIa7HDZCZL9w&oe=63457ED4,"#ì™€ì¸ë¹„ì „ #ì™€ì¸ìŠ¤íƒ€ê·¸ë¨ #ì™€ì¸í´ë˜ìŠ¤ 
ğŸ·ì‚¶ì— ìƒˆë¡œìš´ ì–¸ì–´ë¥¼ ë”í•˜ëŠ” ì™€ì¸ë¹„ì „ğŸ·
ì™€ì¸ êµìœ¡, ì™€ì¸ ì´ë²¤íŠ¸, ì™€ì¸ ì‹œìŒíšŒ ì •ë³´ 
â†“â†“â†“ì•„ë˜ í”„ë¡œí•„ ë§í¬ í´ë¦­!",2022-10-08 09:42:52.216,1664,15
á„Œá…®á„…á…²á„’á…¡á†¨á„€á…¢á„…á…©á†«,2022-09-27,juryuhak,17841445525754876,0,15503,98,https://youtube.com/c/juryuhak,https://scontent-ssn1-1.xx.fbcdn.net/v/t51.2885-15/139639356_862042224608666_6413119311707306727_n.jpg?_nc_cat=111&ccb=1-7&_nc_sid=86c713&_nc_ohc=TOlZiopjl7gAX9xaWV0&_nc_ht=scontent-ssn1-1.xx&edm=AL-3X8kEAAAA&oh=00_AT-EOs9wZ6etG8Qml_zli7uSJGGs7nfbmQEC0CDC9u7U4g&oe=633788FE,"ìœ íŠœë¸Œ â€œì£¼ë¥˜í•™ê°œë¡  - ì¬ë¯¸ìˆëŠ” ìˆ ì˜ ë¹„í•˜ì¸ë“œ ìŠ¤í† ë¦¬â€ì˜ ì¸ìŠ¤íƒ€ê·¸ë¨ ê³„ì •ì…ë‹ˆë‹¤.
ğŸ‘‰ğŸ»ë¹„ì§€ë‹ˆìŠ¤ ë¬¸ì˜ ë° ì œì•ˆ
drunkenman@tmcentkorea.co.kr",2022-09-27 14:51:36.124,11125,158
á„Œá…®á„…á…²á„’á…¡á†¨á„€á…¢á„…á…©á†«,2022-09-28,juryuhak,17841445525754876,0,15524,98,https://youtube.com/c/juryuhak,https://scontent-gmp1-1.xx.fbcdn.net/v/t51.2885-15/139639356_862042224608666_6413119311707306727_n.jpg?_nc_cat=111&ccb=1-7&_nc_sid=86c713&_nc_ohc=ff6pZvQ3EfkAX_8GDnq&_nc_ht=scontent-gmp1-1.xx&edm=AL-3X8kEAAAA&oh=00_AT83xfWeb5QW6fvwikxIM5r8yu358-W4EL25QJ-qdLQdGw&oe=6339833E,"ìœ íŠœë¸Œ â€œì£¼ë¥˜í•™ê°œë¡  - ì¬ë¯¸ìˆëŠ” ìˆ ì˜ ë¹„í•˜ì¸ë“œ ìŠ¤í† ë¦¬â€ì˜ ì¸ìŠ¤íƒ€ê·¸ë¨ ê³„ì •ì…ë‹ˆë‹¤.
ğŸ‘‰ğŸ»ë¹„ì§€ë‹ˆìŠ¤ ë¬¸ì˜ ë° ì œì•ˆ
drunkenman@tmcentkorea.co.kr",2022-09-28 16:37:40.352,11183,158
á„Œá…®á„…á…²á„’á…¡á†¨á„€á…¢á„…á…©á†«,2022-09-29,juryuhak,17841445525754876,0,15605,99,https://youtube.com/c/juryuhak,https://scontent-sjc3-1.xx.fbcdn.net/v/t51.2885-15/139639356_862042224608666_6413119311707306727_n.jpg?_nc_cat=111&ccb=1-7&_nc_sid=86c713&_nc_ohc=ff6pZvQ3EfkAX9BB0MI&_nc_ht=scontent-sjc3-1.xx&edm=AL-3X8kEAAAA&oh=00_AT_22Jcz4PpuHM-dOnW_Qdi4pVTbjaa7WjG-Vyz1yIJgVw&oe=6339833E,"ìœ íŠœë¸Œ â€œì£¼ë¥˜í•™ê°œë¡  - ì¬ë¯¸ìˆëŠ” ìˆ ì˜ ë¹„í•˜ì¸ë“œ ìŠ¤í† ë¦¬â€ì˜ ì¸ìŠ¤íƒ€ê·¸ë¨ ê³„ì •ì…ë‹ˆë‹¤.
ğŸ‘‰ğŸ»ë¹„ì§€ë‹ˆìŠ¤ ë¬¸ì˜ ë° ì œì•ˆ
drunkenman@tmcentkorea.co.kr",2022-09-29 16:33:18.004,11435,159
á„Œá…®á„…á…²á„’á…¡á†¨á„€á…¢á„…á…©á†«,2022-09-30,juryuhak,17841445525754876,0,15709,99,https://youtube.com/c/juryuhak,https://scontent-sea1-1.xx.fbcdn.net/v/t51.2885-15/139639356_862042224608666_6413119311707306727_n.jpg?_nc_cat=111&ccb=1-7&_nc_sid=86c713&_nc_ohc=ff6pZvQ3EfkAX8WDrGG&_nc_ht=scontent-sea1-1.xx&edm=AL-3X8kEAAAA&oh=00_AT8kGVFZnG3d268lW3MlBYjtADsi_DgWClZg2NgavnUGKQ&oe=633B7D7E,"ìœ íŠœë¸Œ â€œì£¼ë¥˜í•™ê°œë¡  - ì¬ë¯¸ìˆëŠ” ìˆ ì˜ ë¹„í•˜ì¸ë“œ ìŠ¤í† ë¦¬â€ì˜ ì¸ìŠ¤íƒ€ê·¸ë¨ ê³„ì •ì…ë‹ˆë‹¤.
ğŸ‘‰ğŸ»ë¹„ì§€ë‹ˆìŠ¤ ë¬¸ì˜ ë° ì œì•ˆ
drunkenman@tmcentkorea.co.kr",2022-09-30 10:06:15.067,11556,161
á„Œá…®á„…á…²á„’á…¡á†¨á„€á…¢á„…á…©á†«,2022-10-01,juryuhak,17841445525754876,0,15858,100,https://youtube.com/c/juryuhak,https://scontent-sea1-1.xx.fbcdn.net/v/t51.2885-15/139639356_862042224608666_6413119311707306727_n.jpg?_nc_cat=111&ccb=1-7&_nc_sid=86c713&_nc_ohc=Uvko_MEYHkIAX_Yhe8R&_nc_ht=scontent-sea1-1.xx&edm=AL-3X8kEAAAA&oh=00_AT_KxQbpCu4nzvSwbXg7BTYqrarOK2_YSWmQTFEUtxR8Fg&oe=633D77BE,"ìœ íŠœë¸Œ â€œì£¼ë¥˜í•™ê°œë¡  - ì¬ë¯¸ìˆëŠ” ìˆ ì˜ ë¹„í•˜ì¸ë“œ ìŠ¤í† ë¦¬â€ì˜ ì¸ìŠ¤íƒ€ê·¸ë¨ ê³„ì •ì…ë‹ˆë‹¤.
ğŸ‘‰ğŸ»ë¹„ì§€ë‹ˆìŠ¤ ë¬¸ì˜ ë° ì œì•ˆ
drunkenman@tmcentkorea.co.kr",2022-10-01 10:00:25.258,11629,162
á„Œá…®á„…á…²á„’á…¡á†¨á„€á…¢á„…á…©á†«,2022-10-02,juryuhak,17841445525754876,0,15907,100,https://youtube.com/c/juryuhak,https://scontent-sea1-1.xx.fbcdn.net/v/t51.2885-15/139639356_862042224608666_6413119311707306727_n.jpg?_nc_cat=111&ccb=1-7&_nc_sid=86c713&_nc_ohc=Uvko_MEYHkIAX-G5BXk&_nc_ht=scontent-sea1-1.xx&edm=AL-3X8kEAAAA&oh=00_AT_6hfmqC7C7RPm4LY0AcBsaw6SpnK4OQikD0OlTb7Fg5Q&oe=633D77BE,"ìœ íŠœë¸Œ â€œì£¼ë¥˜í•™ê°œë¡  - ì¬ë¯¸ìˆëŠ” ìˆ ì˜ ë¹„í•˜ì¸ë“œ ìŠ¤í† ë¦¬â€ì˜ ì¸ìŠ¤íƒ€ê·¸ë¨ ê³„ì •ì…ë‹ˆë‹¤.
ğŸ‘‰ğŸ»ë¹„ì§€ë‹ˆìŠ¤ ë¬¸ì˜ ë° ì œì•ˆ
drunkenman@tmcentkorea.co.kr",2022-10-02 09:52:10.568,11744,162
á„Œá…®á„…á…²á„’á…¡á†¨á„€á…¢á„…á…©á†«,2022-10-03,juryuhak,17841445525754876,0,16051,100,https://youtube.com/c/juryuhak,https://scontent-iad3-1.xx.fbcdn.net/v/t51.2885-15/139639356_862042224608666_6413119311707306727_n.jpg?_nc_cat=111&ccb=1-7&_nc_sid=86c713&_nc_ohc=Uvko_MEYHkIAX_z2L1j&_nc_ht=scontent-iad3-1.xx&edm=AL-3X8kEAAAA&oh=00_AT80CdNQQ_B8TghgtPmp3Cv8oPxao2x9p8DWqjCDm7PwwQ&oe=633F71FE,"ìœ íŠœë¸Œ â€œì£¼ë¥˜í•™ê°œë¡  - ì¬ë¯¸ìˆëŠ” ìˆ ì˜ ë¹„í•˜ì¸ë“œ ìŠ¤í† ë¦¬â€ì˜ ì¸ìŠ¤íƒ€ê·¸ë¨ ê³„ì •ì…ë‹ˆë‹¤.
ğŸ‘‰ğŸ»ë¹„ì§€ë‹ˆìŠ¤ ë¬¸ì˜ ë° ì œì•ˆ
drunkenman@tmcentkorea.co.kr",2022-10-03 09:43:48.066,11807,162
á„Œá…®á„…á…²á„’á…¡á†¨á„€á…¢á„…á…©á†«,2022-10-04,juryuhak,17841445525754876,0,16177,101,https://youtube.com/c/juryuhak,https://scontent-sea1-1.xx.fbcdn.net/v/t51.2885-15/139639356_862042224608666_6413119311707306727_n.jpg?_nc_cat=111&ccb=1-7&_nc_sid=86c713&_nc_ohc=RqIPGnr_Se0AX9SyFVH&_nc_ht=scontent-sea1-1.xx&edm=AL-3X8kEAAAA&oh=00_AT-nfMK2FySE6TLFlmNbRVo7uKxRY5p37JNSsWuvqhGksw&oe=63416C3E,"ìœ íŠœë¸Œ â€œì£¼ë¥˜í•™ê°œë¡  - ì¬ë¯¸ìˆëŠ” ìˆ ì˜ ë¹„í•˜ì¸ë“œ ìŠ¤í† ë¦¬â€ì˜ ì¸ìŠ¤íƒ€ê·¸ë¨ ê³„ì •ì…ë‹ˆë‹¤.
ğŸ‘‰ğŸ»ë¹„ì§€ë‹ˆìŠ¤ ë¬¸ì˜ ë° ì œì•ˆ
drunkenman@tmcentkorea.co.kr",2022-10-04 09:54:20.987,11828,158
á„Œá…®á„…á…²á„’á…¡á†¨á„€á…¢á„…á…©á†«,2022-10-05,juryuhak,17841445525754876,0,16274,101,https://youtube.com/c/juryuhak,https://scontent-iad3-1.xx.fbcdn.net/v/t51.2885-15/139639356_862042224608666_6413119311707306727_n.jpg?_nc_cat=111&ccb=1-7&_nc_sid=86c713&_nc_ohc=RqIPGnr_Se0AX-_NHQO&_nc_ht=scontent-iad3-1.xx&edm=AL-3X8kEAAAA&oh=00_AT8fQ2tm72AZrwz8nwjqfHvsjc6Tnritkrn1i3Qdja_HGA&oe=63416C3E,"ìœ íŠœë¸Œ â€œì£¼ë¥˜í•™ê°œë¡  - ì¬ë¯¸ìˆëŠ” ìˆ ì˜ ë¹„í•˜ì¸ë“œ ìŠ¤í† ë¦¬â€ì˜ ì¸ìŠ¤íƒ€ê·¸ë¨ ê³„ì •ì…ë‹ˆë‹¤.
ğŸ‘‰ğŸ»ë¹„ì§€ë‹ˆìŠ¤ ë¬¸ì˜ ë° ì œì•ˆ
drunkenman@tmcentkorea.co.kr",2022-10-05 09:53:41.727,11947,160
á„Œá…®á„…á…²á„’á…¡á†¨á„€á…¢á„…á…©á†«,2022-10-06,juryuhak,17841445525754876,0,16354,98,https://youtube.com/c/juryuhak,https://scontent-sea1-1.xx.fbcdn.net/v/t51.2885-15/139639356_862042224608666_6413119311707306727_n.jpg?_nc_cat=111&ccb=1-7&_nc_sid=86c713&_nc_ohc=RqIPGnr_Se0AX-y-8K4&_nc_ht=scontent-sea1-1.xx&edm=AL-3X8kEAAAA&oh=00_AT_NhpAa6NDOT3sLqXn_qOkA65Dfv87lyb3Demse4HLbRw&oe=6343667E,"ìœ íŠœë¸Œ â€œì£¼ë¥˜í•™ê°œë¡  - ì¬ë¯¸ìˆëŠ” ìˆ ì˜ ë¹„í•˜ì¸ë“œ ìŠ¤í† ë¦¬â€ì˜ ì¸ìŠ¤íƒ€ê·¸ë¨ ê³„ì •ì…ë‹ˆë‹¤.
ğŸ‘‰ğŸ»ë¹„ì§€ë‹ˆìŠ¤ ë¬¸ì˜ ë° ì œì•ˆ
drunkenman@tmcentkorea.co.kr",2022-10-06 09:46:48.526,11850,161
á„Œá…®á„…á…²á„’á…¡á†¨á„€á…¢á„…á…©á†«,2022-10-07,juryuhak,17841445525754876,0,16395,98,https://youtube.com/c/juryuhak,https://scontent-lcy1-1.xx.fbcdn.net/v/t51.2885-15/139639356_862042224608666_6413119311707306727_n.jpg?_nc_cat=111&ccb=1-7&_nc_sid=86c713&_nc_ohc=QTJDlUTU0VcAX8L6S9Y&_nc_ht=scontent-lcy1-1.xx&edm=AL-3X8kEAAAA&oh=00_AT-SKwEt20bBfghVHrcgQaQqxONbLCjwAhZR6JhP_ha15A&oe=634560BE,"ìœ íŠœë¸Œ â€œì£¼ë¥˜í•™ê°œë¡  - ì¬ë¯¸ìˆëŠ” ìˆ ì˜ ë¹„í•˜ì¸ë“œ ìŠ¤í† ë¦¬â€ì˜ ì¸ìŠ¤íƒ€ê·¸ë¨ ê³„ì •ì…ë‹ˆë‹¤.
ğŸ‘‰ğŸ»ë¹„ì§€ë‹ˆìŠ¤ ë¬¸ì˜ ë° ì œì•ˆ
drunkenman@tmcentkorea.co.kr",2022-10-07 09:59:32.654,11936,161
á„Œá…®á„…á…²á„’á…¡á†¨á„€á…¢á„…á…©á†«,2022-10-08,juryuhak,17841445525754876,0,16428,99,https://youtube.com/c/juryuhak,https://scontent-sjc3-1.xx.fbcdn.net/v/t51.2885-15/139639356_862042224608666_6413119311707306727_n.jpg?_nc_cat=111&ccb=1-7&_nc_sid=86c713&_nc_ohc=QTJDlUTU0VcAX9btIqG&_nc_ht=scontent-sjc3-1.xx&edm=AL-3X8kEAAAA&oh=00_AT_oqjRBCVF3SHGZxdRjgK5VAlPOnAfhsMEnmPcxl39rNQ&oe=634560BE,"ìœ íŠœë¸Œ â€œì£¼ë¥˜í•™ê°œë¡  - ì¬ë¯¸ìˆëŠ” ìˆ ì˜ ë¹„í•˜ì¸ë“œ ìŠ¤í† ë¦¬â€ì˜ ì¸ìŠ¤íƒ€ê·¸ë¨ ê³„ì •ì…ë‹ˆë‹¤.
ğŸ‘‰ğŸ»ë¹„ì§€ë‹ˆìŠ¤ ë¬¸ì˜ ë° ì œì•ˆ
drunkenman@tmcentkorea.co.kr",2022-10-08 09:42:52.216,11921,161
á„‘á…¥á„‘á…³á†¯á„ƒá…©á†¨ã…£PurpleDog,2022-09-27,purpledog_official,17841407847590324,72,3416,69,http://www.purpledog.co.kr/,https://scontent-ssn1-1.xx.fbcdn.net/v/t51.2885-15/185509140_516680693034587_2493003973259871483_n.jpg?_nc_cat=104&ccb=1-7&_nc_sid=86c713&_nc_ohc=wM_FkgoLXgIAX9MTl8a&_nc_ht=scontent-ssn1-1.xx&edm=AL-3X8kEAAAA&oh=00_AT-RQ44FaLKRIyCzW7mGZD0QliGPoQOj8nmo93dQvdR7Cg&oe=6336B53A,"_Winebutlerservice
ë‹¹ì‹ ì˜ ì†Œìš¸ì™€ì¸ì„ ì°¾ì•„ ì§‘ê¹Œì§€ ë³´ë‚´ë“œë¦½ë‹ˆë‹¤ğŸ·
 
ğŸ”½ ë‚´ ì™€ì¸ ì·¨í–¥ ì°¾ê¸°",2022-09-27 14:51:36.124,1623,312
á„‘á…¥á„‘á…³á†¯á„ƒá…©á†¨ã…£PurpleDog,2022-09-28,purpledog_official,17841407847590324,72,3416,69,http://www.purpledog.co.kr/,https://scontent-gmp1-1.xx.fbcdn.net/v/t51.2885-15/185509140_516680693034587_2493003973259871483_n.jpg?_nc_cat=104&ccb=1-7&_nc_sid=86c713&_nc_ohc=wM_FkgoLXgIAX_xO4sf&_nc_ht=scontent-gmp1-1.xx&edm=AL-3X8kEAAAA&oh=00_AT8h8p47bQo-CcGZPDNEPDSK5ywZQHCzwC-rjE5UHCu7uw&oe=6338AF7A,"_Winebutlerservice
ë‹¹ì‹ ì˜ ì†Œìš¸ì™€ì¸ì„ ì°¾ì•„ ì§‘ê¹Œì§€ ë³´ë‚´ë“œë¦½ë‹ˆë‹¤ğŸ·
 
ğŸ”½ ë‚´ ì™€ì¸ ì·¨í–¥ ì°¾ê¸°",2022-09-28 16:37:40.352,1623,312
á„‘á…¥á„‘á…³á†¯á„ƒá…©á†¨ã…£PurpleDog,2022-09-29,purpledog_official,17841407847590324,72,3418,69,http://www.purpledog.co.kr/,https://scontent-sjc3-1.xx.fbcdn.net/v/t51.2885-15/185509140_516680693034587_2493003973259871483_n.jpg?_nc_cat=104&ccb=1-7&_nc_sid=86c713&_nc_ohc=OIYnQ9x-MhIAX9x5VW8&_nc_ht=scontent-sjc3-1.xx&edm=AL-3X8kEAAAA&oh=00_AT9XJIFvhF3nar5fGHJUmqv4FM9o1_cSTSFk2kH4sv7xLg&oe=633AA9BA,"_Winebutlerservice
ë‹¹ì‹ ì˜ ì†Œìš¸ì™€ì¸ì„ ì°¾ì•„ ì§‘ê¹Œì§€ ë³´ë‚´ë“œë¦½ë‹ˆë‹¤ğŸ·
 
ğŸ”½ ë‚´ ì™€ì¸ ì·¨í–¥ ì°¾ê¸°",2022-09-29 16:33:18.004,1624,312
á„‘á…¥á„‘á…³á†¯á„ƒá…©á†¨ã…£PurpleDog,2022-09-30,purpledog_official,17841407847590324,72,3418,69,http://www.purpledog.co.kr/,https://scontent-sea1-1.xx.fbcdn.net/v/t51.2885-15/185509140_516680693034587_2493003973259871483_n.jpg?_nc_cat=104&ccb=1-7&_nc_sid=86c713&_nc_ohc=OIYnQ9x-MhIAX8N3mSu&_nc_ht=scontent-sea1-1.xx&edm=AL-3X8kEAAAA&oh=00_AT8UXypmh1wnDdL2Sxfw_itfgLvg3BzznzOToDq-NRQ5lQ&oe=633AA9BA,"_Winebutlerservice
ë‹¹ì‹ ì˜ ì†Œìš¸ì™€ì¸ì„ ì°¾ì•„ ì§‘ê¹Œì§€ ë³´ë‚´ë“œë¦½ë‹ˆë‹¤ğŸ·
 
ğŸ”½ ë‚´ ì™€ì¸ ì·¨í–¥ ì°¾ê¸°",2022-09-30 10:06:15.067,1624,312
á„‘á…¥á„‘á…³á†¯á„ƒá…©á†¨ã…£PurpleDog,2022-10-01,purpledog_official,17841407847590324,72,3418,69,http://www.purpledog.co.kr/,https://scontent-sea1-1.xx.fbcdn.net/v/t51.2885-15/185509140_516680693034587_2493003973259871483_n.jpg?_nc_cat=104&ccb=1-7&_nc_sid=86c713&_nc_ohc=OIYnQ9x-MhIAX8ZI2pA&_nc_ht=scontent-sea1-1.xx&edm=AL-3X8kEAAAA&oh=00_AT9audwv-6Nikh5siokY1FRUUvYaJYYvcVGje1n7ivoqCQ&oe=633CA3FA,"_Winebutlerservice
ë‹¹ì‹ ì˜ ì†Œìš¸ì™€ì¸ì„ ì°¾ì•„ ì§‘ê¹Œì§€ ë³´ë‚´ë“œë¦½ë‹ˆë‹¤ğŸ·
 
ğŸ”½ ë‚´ ì™€ì¸ ì·¨í–¥ ì°¾ê¸°",2022-10-01 10:00:25.258,1624,312
á„‘á…¥á„‘á…³á†¯á„ƒá…©á†¨ã…£PurpleDog,2022-10-02,purpledog_official,17841407847590324,72,3416,69,http://www.purpledog.co.kr/,https://scontent-sea1-1.xx.fbcdn.net/v/t51.2885-15/185509140_516680693034587_2493003973259871483_n.jpg?_nc_cat=104&ccb=1-7&_nc_sid=86c713&_nc_ohc=ZKs7_drxTyQAX_7PvpT&_nc_ht=scontent-sea1-1.xx&edm=AL-3X8kEAAAA&oh=00_AT_P1kjvVROpBLb9F0Ifdzgxosv2c8GMUCUsXkNLyMiJWg&oe=633E9E3A,"_Winebutlerservice
ë‹¹ì‹ ì˜ ì†Œìš¸ì™€ì¸ì„ ì°¾ì•„ ì§‘ê¹Œì§€ ë³´ë‚´ë“œë¦½ë‹ˆë‹¤ğŸ·
 
ğŸ”½ ë‚´ ì™€ì¸ ì·¨í–¥ ì°¾ê¸°",2022-10-02 09:52:10.568,1624,312
á„‘á…¥á„‘á…³á†¯á„ƒá…©á†¨ã…£PurpleDog,2022-10-03,purpledog_official,17841407847590324,72,3416,69,http://www.purpledog.co.kr/,https://scontent-iad3-1.xx.fbcdn.net/v/t51.2885-15/185509140_516680693034587_2493003973259871483_n.jpg?_nc_cat=104&ccb=1-7&_nc_sid=86c713&_nc_ohc=ZKs7_drxTyQAX8GU3x-&_nc_ht=scontent-iad3-1.xx&edm=AL-3X8kEAAAA&oh=00_AT8df42Ly_mG95tCWzbMgZ0PA8WveOAKA4gDqjLxpz9oHw&oe=633E9E3A,"_Winebutlerservice
ë‹¹ì‹ ì˜ ì†Œìš¸ì™€ì¸ì„ ì°¾ì•„ ì§‘ê¹Œì§€ ë³´ë‚´ë“œë¦½ë‹ˆë‹¤ğŸ·
 
ğŸ”½ ë‚´ ì™€ì¸ ì·¨í–¥ ì°¾ê¸°",2022-10-03 09:43:48.066,1624,312
á„‘á…¥á„‘á…³á†¯á„ƒá…©á†¨ã…£PurpleDog,2022-10-04,purpledog_official,17841407847590324,72,3415,69,http://www.purpledog.co.kr/,https://scontent-sea1-1.xx.fbcdn.net/v/t51.2885-15/185509140_516680693034587_2493003973259871483_n.jpg?_nc_cat=104&ccb=1-7&_nc_sid=86c713&_nc_ohc=ZKs7_drxTyQAX9vsmZo&_nc_ht=scontent-sea1-1.xx&edm=AL-3X8kEAAAA&oh=00_AT8t0-3ZcWJVC6QaDC3Lc1gDIRhfa3BhOEC1UcWguUwOrA&oe=6340987A,"_Winebutlerservice
ë‹¹ì‹ ì˜ ì†Œìš¸ì™€ì¸ì„ ì°¾ì•„ ì§‘ê¹Œì§€ ë³´ë‚´ë“œë¦½ë‹ˆë‹¤ğŸ·
 
ğŸ”½ ë‚´ ì™€ì¸ ì·¨í–¥ ì°¾ê¸°",2022-10-04 09:54:20.987,1624,312
á„‘á…¥á„‘á…³á†¯á„ƒá…©á†¨ã…£PurpleDog,2022-10-05,purpledog_official,17841407847590324,72,3412,69,http://www.purpledog.co.kr/,https://scontent-iad3-1.xx.fbcdn.net/v/t51.2885-15/185509140_516680693034587_2493003973259871483_n.jpg?_nc_cat=104&ccb=1-7&_nc_sid=86c713&_nc_ohc=wvnSHdWU_O0AX_vIKWd&_nc_ht=scontent-iad3-1.xx&edm=AL-3X8kEAAAA&oh=00_AT9QBR-55mu83CjNx-VEL8kzu4-vg3uprZL_7rCmGIzHxg&oe=634292BA,"_Winebutlerservice
ë‹¹ì‹ ì˜ ì†Œìš¸ì™€ì¸ì„ ì°¾ì•„ ì§‘ê¹Œì§€ ë³´ë‚´ë“œë¦½ë‹ˆë‹¤ğŸ·
 
ğŸ”½ ë‚´ ì™€ì¸ ì·¨í–¥ ì°¾ê¸°",2022-10-05 09:53:41.727,1624,312
á„‘á…¥á„‘á…³á†¯á„ƒá…©á†¨ã…£PurpleDog,2022-10-06,purpledog_official,17841407847590324,73,3405,73,http://www.purpledog.co.kr/,https://scontent-sea1-1.xx.fbcdn.net/v/t51.2885-15/185509140_516680693034587_2493003973259871483_n.jpg?_nc_cat=104&ccb=1-7&_nc_sid=86c713&_nc_ohc=wvnSHdWU_O0AX9CB6Vy&_nc_ht=scontent-sea1-1.xx&edm=AL-3X8kEAAAA&oh=00_AT8Zh37dtvTWYal8ZrXfXED9yr0SbDJmbUlEdR9HtSwzrg&oe=634292BA,"_Winebutlerservice
ë‹¹ì‹ ì˜ ì†Œìš¸ì™€ì¸ì„ ì°¾ì•„ ì§‘ê¹Œì§€ ë³´ë‚´ë“œë¦½ë‹ˆë‹¤ğŸ·
â €â €â €â €â €â €â €â €â €â €â €â €
ğŸ·í¼í”Œë… ì†¡íŒŒë³¸ì 
ì„œìš¸ ì†¡íŒŒêµ¬ ê°€ë½ë¡œ 94 ì§€í•˜1ì¸µ
â €â €â €â €â €â €â €â €â €â €â €â €
ğŸ·í¼í”Œë… í™ëŒ€ì 
ì„œìš¸ ë§ˆí¬êµ¬ ì–‘í™”ë¡œ 188 ì• ê²½íƒ€ì›Œ AK& í™ëŒ€ 1ì¸µ
ğŸ”½ ë‚´ ì™€ì¸ ì·¨í–¥ ì°¾ê¸°",2022-10-06 09:46:48.526,1529,296
á„‘á…¥á„‘á…³á†¯á„ƒá…©á†¨ã…£PurpleDog,2022-10-07,purpledog_official,17841407847590324,73,3399,73,http://www.purpledog.co.kr/,https://scontent-lcy1-1.xx.fbcdn.net/v/t51.2885-15/185509140_516680693034587_2493003973259871483_n.jpg?_nc_cat=104&ccb=1-7&_nc_sid=86c713&_nc_ohc=wvnSHdWU_O0AX_Oel5-&_nc_ht=scontent-lcy1-1.xx&edm=AL-3X8kEAAAA&oh=00_AT_pDr_H9SbNEI703KBgwZHqbwd5ybnMdaAT-BW2K4XbKw&oe=63448CFA,"_Winebutlerservice
ë‹¹ì‹ ì˜ ì†Œìš¸ì™€ì¸ì„ ì°¾ì•„ ì§‘ê¹Œì§€ ë³´ë‚´ë“œë¦½ë‹ˆë‹¤ğŸ·
â €â €â €â €â €â €â €â €â €â €â €â €
ğŸ·í¼í”Œë… ì†¡íŒŒë³¸ì 
ì„œìš¸ ì†¡íŒŒêµ¬ ê°€ë½ë¡œ 94 ì§€í•˜1ì¸µ
â €â €â €â €â €â €â €â €â €â €â €â €
ğŸ·í¼í”Œë… í™ëŒ€ì 
ì„œìš¸ ë§ˆí¬êµ¬ ì–‘í™”ë¡œ 188 ì• ê²½íƒ€ì›Œ AK& í™ëŒ€ 1ì¸µ
ğŸ”½ ë‚´ ì™€ì¸ ì·¨í–¥ ì°¾ê¸°",2022-10-07 09:59:32.654,1558,296
á„‘á…¥á„‘á…³á†¯á„ƒá…©á†¨ã…£PurpleDog,2022-10-08,purpledog_official,17841407847590324,73,3395,73,http://www.purpledog.co.kr/,https://scontent-sjc3-1.xx.fbcdn.net/v/t51.2885-15/185509140_516680693034587_2493003973259871483_n.jpg?_nc_cat=104&ccb=1-7&_nc_sid=86c713&_nc_ohc=4hgpznwoQwUAX9NHg9r&_nc_ht=scontent-sjc3-1.xx&edm=AL-3X8kEAAAA&oh=00_AT9nWPG3VWXurKSKeoLaEtyc9FMHoV91AARiPz4Oh-lcfQ&oe=6346873A,"Winebutlerservice
ë‚˜ë§Œì˜ ì™€ì¸ 
ë‚˜ë§Œì˜ í¼í”Œë…ğŸ·
â €â €â €â €â €â €â €â €â €â €â €â €
ğŸ·í¼í”Œë… ì†¡íŒŒë³¸ì 
ì„œìš¸ ì†¡íŒŒêµ¬ ê°€ë½ë¡œ 94 ì§€í•˜1ì¸µ
â €â €â €â €â €â €â €â €â €â €â €â €
ğŸ·í¼í”Œë… í™ëŒ€ì 
ì„œìš¸ ë§ˆí¬êµ¬ ì–‘í™”ë¡œ 188 ì• ê²½íƒ€ì›Œ AK& í™ëŒ€ 1ì¸µ
ğŸ”½ ë‚´ ì™€ì¸ ì·¨í–¥ ì°¾ê¸°",2022-10-08 09:42:52.216,1568,296
ë‹¬ë¦¬ Dali ì£¼ë¥˜ ìŠ¤ë§ˆíŠ¸ì˜¤ë”,2022-09-27,dali.official_,17841445511359388,2876,3468,216,https://www.daligo.co.kr/,https://scontent-ssn1-1.xx.fbcdn.net/v/t51.2885-15/271318169_492805755602922_4085816204680764690_n.jpg?_nc_cat=105&ccb=1-7&_nc_sid=86c713&_nc_ohc=4hMcqUM4nY0AX-rCbMD&_nc_ht=scontent-ssn1-1.xx&edm=AL-3X8kEAAAA&oh=00_AT9aFPkP4iiKQIMb20FdImAyxDI0S1mTLL4LulQ8xXJO9A&oe=6338341A,"ì¢‹ì€ ìˆ , ì–´ë µì§€ ì•Šì•„ìš”.
ë‚¨ë‹¬ë¦¬ ìœ ì¾Œí•œ ì–´ë¥¸ë“¤ì˜ ì£¼ë¥˜ ì•±, ë‹¬ë¦¬ Dali
 
ì¦ê±°ìš´ í–‰ì‚¬ê°€ ê°€ë“í•œ ë‹¬ë¦¬ì—ì„œ ë§›ìˆëŠ” ìˆ ì„ ì£¼ë¬¸í•˜ê³  ì‹¶ë‹¤ë©´ğŸ‘‡",2022-09-27 14:51:36.124,2941,130
ë‹¬ë¦¬ Dali ì£¼ë¥˜ ìŠ¤ë§ˆíŠ¸ì˜¤ë”,2022-09-28,dali.official_,17841445511359388,2878,3470,216,https://www.daligo.co.kr/,https://scontent-gmp1-1.xx.fbcdn.net/v/t51.2885-15/271318169_492805755602922_4085816204680764690_n.jpg?_nc_cat=105&ccb=1-7&_nc_sid=86c713&_nc_ohc=Tt36UoHqevIAX8j_wo3&_nc_ht=scontent-gmp1-1.xx&edm=AL-3X8kEAAAA&oh=00_AT89w-IAwy83vt8n1gtALPC9eBdxPZltycFE7x9kFdJbXA&oe=6338341A,"ì¢‹ì€ ìˆ , ì–´ë µì§€ ì•Šì•„ìš”.
ë‚¨ë‹¬ë¦¬ ìœ ì¾Œí•œ ì–´ë¥¸ë“¤ì˜ ì£¼ë¥˜ ì•±, ë‹¬ë¦¬ Dali
 
ì¦ê±°ìš´ í–‰ì‚¬ê°€ ê°€ë“í•œ ë‹¬ë¦¬ì—ì„œ ë§›ìˆëŠ” ìˆ ì„ ì£¼ë¬¸í•˜ê³  ì‹¶ë‹¤ë©´ğŸ‘‡",2022-09-28 16:37:40.352,2942,130
ë‹¬ë¦¬ Dali ì£¼ë¥˜ ìŠ¤ë§ˆíŠ¸ì˜¤ë”,2022-09-29,dali.official_,17841445511359388,2878,3479,216,https://www.daligo.co.kr/,https://scontent-sjc3-1.xx.fbcdn.net/v/t51.2885-15/271318169_492805755602922_4085816204680764690_n.jpg?_nc_cat=105&ccb=1-7&_nc_sid=86c713&_nc_ohc=Tt36UoHqevIAX9-sviO&_nc_ht=scontent-sjc3-1.xx&edm=AL-3X8kEAAAA&oh=00_AT9DKjI66CKmixgVaIXEeZQlTXi-cfxVVT7JtO9TNV2twg&oe=633A2E5A,"ì¢‹ì€ ìˆ , ì–´ë µì§€ ì•Šì•„ìš”.
ë‚¨ë‹¬ë¦¬ ìœ ì¾Œí•œ ì–´ë¥¸ë“¤ì˜ ì£¼ë¥˜ ì•±, ë‹¬ë¦¬ Dali
 
ì¦ê±°ìš´ í–‰ì‚¬ê°€ ê°€ë“í•œ ë‹¬ë¦¬ì—ì„œ ë§›ìˆëŠ” ìˆ ì„ ì£¼ë¬¸í•˜ê³  ì‹¶ë‹¤ë©´ğŸ‘‡",2022-09-29 16:33:18.004,2953,130
ë‹¬ë¦¬ Dali ì£¼ë¥˜ ìŠ¤ë§ˆíŠ¸ì˜¤ë”,2022-09-30,dali.official_,17841445511359388,2878,3482,216,https://www.daligo.co.kr/,https://scontent-sea1-1.xx.fbcdn.net/v/t51.2885-15/271318169_492805755602922_4085816204680764690_n.jpg?_nc_cat=105&ccb=1-7&_nc_sid=86c713&_nc_ohc=Tt36UoHqevIAX-rKelW&_nc_ht=scontent-sea1-1.xx&edm=AL-3X8kEAAAA&oh=00_AT8aJR0QgvNi2aQ4_tfsfZHqIx6vxDejq1SbqXzZenprMw&oe=633C289A,"ì¢‹ì€ ìˆ , ì–´ë µì§€ ì•Šì•„ìš”.
ë‚¨ë‹¬ë¦¬ ìœ ì¾Œí•œ ì–´ë¥¸ë“¤ì˜ ì£¼ë¥˜ ì•±, ë‹¬ë¦¬ Dali
 
ì¦ê±°ìš´ í–‰ì‚¬ê°€ ê°€ë“í•œ ë‹¬ë¦¬ì—ì„œ ë§›ìˆëŠ” ìˆ ì„ ì£¼ë¬¸í•˜ê³  ì‹¶ë‹¤ë©´ğŸ‘‡",2022-09-30 10:06:15.067,2954,130
ë‹¬ë¦¬ Dali ì£¼ë¥˜ ìŠ¤ë§ˆíŠ¸ì˜¤ë”,2022-10-01,dali.official_,17841445511359388,2877,3482,219,https://www.daligo.co.kr/,https://scontent-sea1-1.xx.fbcdn.net/v/t51.2885-15/271318169_492805755602922_4085816204680764690_n.jpg?_nc_cat=105&ccb=1-7&_nc_sid=86c713&_nc_ohc=Tt36UoHqevIAX-WQAjJ&_nc_ht=scontent-sea1-1.xx&edm=AL-3X8kEAAAA&oh=00_AT_ImjB3mAw1YDXykG-lO_RxcIaTVy6uHZzMlF70lU0RXw&oe=633C289A,"ì¢‹ì€ ìˆ , ì–´ë µì§€ ì•Šì•„ìš”.
ë‚¨ë‹¬ë¦¬ ìœ ì¾Œí•œ ì–´ë¥¸ë“¤ì˜ ì£¼ë¥˜ ì•±, ë‹¬ë¦¬ Dali
 
ì¦ê±°ìš´ í–‰ì‚¬ê°€ ê°€ë“í•œ ë‹¬ë¦¬ì—ì„œ ë§›ìˆëŠ” ìˆ ì„ ì£¼ë¬¸í•˜ê³  ì‹¶ë‹¤ë©´ğŸ‘‡",2022-10-01 10:00:25.258,2767,110
ë‹¬ë¦¬ Dali ì£¼ë¥˜ ìŠ¤ë§ˆíŠ¸ì˜¤ë”,2022-10-02,dali.official_,17841445511359388,2875,3485,219,https://www.daligo.co.kr/,https://scontent-sea1-1.xx.fbcdn.net/v/t51.2885-15/271318169_492805755602922_4085816204680764690_n.jpg?_nc_cat=105&ccb=1-7&_nc_sid=86c713&_nc_ohc=E0kOU0D7hm0AX9xhfli&_nc_ht=scontent-sea1-1.xx&edm=AL-3X8kEAAAA&oh=00_AT9LtsKAQDH43BV0ED_f3S670CXjyKBWYMaF96uHw91c6g&oe=633E22DA,"ì¢‹ì€ ìˆ , ì–´ë µì§€ ì•Šì•„ìš”.
ë‚¨ë‹¬ë¦¬ ìœ ì¾Œí•œ ì–´ë¥¸ë“¤ì˜ ì£¼ë¥˜ ì•±, ë‹¬ë¦¬ Dali
 
ì¦ê±°ìš´ í–‰ì‚¬ê°€ ê°€ë“í•œ ë‹¬ë¦¬ì—ì„œ ë§›ìˆëŠ” ìˆ ì„ ì£¼ë¬¸í•˜ê³  ì‹¶ë‹¤ë©´ğŸ‘‡",2022-10-02 09:52:10.568,2801,110
ë‹¬ë¦¬ Dali ì£¼ë¥˜ ìŠ¤ë§ˆíŠ¸ì˜¤ë”,2022-10-03,dali.official_,17841445511359388,2874,3484,219,https://www.daligo.co.kr/,https://scontent-iad3-1.xx.fbcdn.net/v/t51.2885-15/271318169_492805755602922_4085816204680764690_n.jpg?_nc_cat=105&ccb=1-7&_nc_sid=86c713&_nc_ohc=E0kOU0D7hm0AX8Myi8m&_nc_ht=scontent-iad3-1.xx&edm=AL-3X8kEAAAA&oh=00_AT_A1ujlim2OC2mzl12sV78KwrIh5Xdrr1SuyI9UQA82Yg&oe=63401D1A,"ì¢‹ì€ ìˆ , ì–´ë µì§€ ì•Šì•„ìš”.
ë‚¨ë‹¬ë¦¬ ìœ ì¾Œí•œ ì–´ë¥¸ë“¤ì˜ ì£¼ë¥˜ ì•±, ë‹¬ë¦¬ Dali
 
ì¦ê±°ìš´ í–‰ì‚¬ê°€ ê°€ë“í•œ ë‹¬ë¦¬ì—ì„œ ë§›ìˆëŠ” ìˆ ì„ ì£¼ë¬¸í•˜ê³  ì‹¶ë‹¤ë©´ğŸ‘‡",2022-10-03 09:43:48.066,2815,110
ë‹¬ë¦¬ Dali ì£¼ë¥˜ ìŠ¤ë§ˆíŠ¸ì˜¤ë”,2022-10-04,dali.official_,17841445511359388,2873,3480,219,https://www.daligo.co.kr/,https://scontent-sea1-1.xx.fbcdn.net/v/t51.2885-15/271318169_492805755602922_4085816204680764690_n.jpg?_nc_cat=105&ccb=1-7&_nc_sid=86c713&_nc_ohc=E0kOU0D7hm0AX-2zE9Z&_nc_ht=scontent-sea1-1.xx&edm=AL-3X8kEAAAA&oh=00_AT_jgI9i6tuwtWuYihoIQfUJLfRe_Ue_6zIrDKt8Rf1X9w&oe=63401D1A,"ì¢‹ì€ ìˆ , ì–´ë µì§€ ì•Šì•„ìš”.
ë‚¨ë‹¬ë¦¬ ìœ ì¾Œí•œ ì–´ë¥¸ë“¤ì˜ ì£¼ë¥˜ ì•±, ë‹¬ë¦¬ Dali
 
ì¦ê±°ìš´ í–‰ì‚¬ê°€ ê°€ë“í•œ ë‹¬ë¦¬ì—ì„œ ë§›ìˆëŠ” ìˆ ì„ ì£¼ë¬¸í•˜ê³  ì‹¶ë‹¤ë©´ğŸ‘‡",2022-10-04 09:54:20.987,2823,110
ë‹¬ë¦¬ Dali ì£¼ë¥˜ ìŠ¤ë§ˆíŠ¸ì˜¤ë”,2022-10-05,dali.official_,17841445511359388,2873,3479,220,https://www.daligo.co.kr/,https://scontent-iad3-1.xx.fbcdn.net/v/t51.2885-15/310233742_889332298703314_7982190927844845607_n.jpg?_nc_cat=103&ccb=1-7&_nc_sid=86c713&_nc_ohc=Zzk0U7QAAaAAX9ALgM6&_nc_ht=scontent-iad3-1.xx&edm=AL-3X8kEAAAA&oh=00_AT93DTaxlpzUz7Vc70zKijO5Jk2HuYZfC5rltEWmyUrlPw&oe=6341E58A,"ì¢‹ì€ ìˆ , ì–´ë µì§€ ì•Šì•„ìš”.
ë‚¨ë‹¬ë¦¬ ìœ ì¾Œí•œ ì–´ë¥¸ë“¤ì˜ ì£¼ë¥˜ ì•±, ë‹¬ë¦¬ Dali
 
ì¦ê±°ìš´ í–‰ì‚¬ê°€ ê°€ë“í•œ ë‹¬ë¦¬ì—ì„œ ë§›ìˆëŠ” ìˆ ì„ ì£¼ë¬¸í•˜ê³  ì‹¶ë‹¤ë©´ğŸ‘‡",2022-10-05 09:53:41.727,2731,102
ë‹¬ë¦¬ Dali ì£¼ë¥˜ ìŠ¤ë§ˆíŠ¸ì˜¤ë”,2022-10-06,dali.official_,17841445511359388,2874,3479,221,https://www.daligo.co.kr/,https://scontent-sea1-1.xx.fbcdn.net/v/t51.2885-15/310233742_889332298703314_7982190927844845607_n.jpg?_nc_cat=103&ccb=1-7&_nc_sid=86c713&_nc_ohc=p26Z8Jea31AAX8xkGzV&_nc_ht=scontent-sea1-1.xx&edm=AL-3X8kEAAAA&oh=00_AT8LK2elmGBVVP-X9upjTDceO4eZ5bfF_TOHnpRDcHnq5g&oe=6343DFCA,"ì¢‹ì€ ìˆ , ì–´ë µì§€ ì•Šì•„ìš”.
ë‚¨ë‹¬ë¦¬ ìœ ì¾Œí•œ ì–´ë¥¸ë“¤ì˜ ì£¼ë¥˜ ì•±, ë‹¬ë¦¬ Dali
 
ì¦ê±°ìš´ í–‰ì‚¬ê°€ ê°€ë“í•œ ë‹¬ë¦¬ì—ì„œ ë§›ìˆëŠ” ìˆ ì„ ì£¼ë¬¸í•˜ê³  ì‹¶ë‹¤ë©´ğŸ‘‡",2022-10-06 09:46:48.526,2752,71
ë‹¬ë¦¬ Dali ì£¼ë¥˜ ìŠ¤ë§ˆíŠ¸ì˜¤ë”,2022-10-07,dali.official_,17841445511359388,2873,3484,221,https://www.daligo.co.kr/,https://scontent-lcy1-1.xx.fbcdn.net/v/t51.2885-15/310233742_889332298703314_7982190927844845607_n.jpg?_nc_cat=103&ccb=1-7&_nc_sid=86c713&_nc_ohc=p26Z8Jea31AAX-ybkaH&_nc_ht=scontent-lcy1-1.xx&edm=AL-3X8kEAAAA&oh=00_AT8Ag2Uxz6WnOTKllV8JxYDKdqK-cv9UAXwCK-T2hoghUQ&oe=6343DFCA,"ì¢‹ì€ ìˆ , ì–´ë µì§€ ì•Šì•„ìš”.
ë‚¨ë‹¬ë¦¬ ìœ ì¾Œí•œ ì–´ë¥¸ë“¤ì˜ ì£¼ë¥˜ ì•±, ë‹¬ë¦¬ Dali
 
ì¦ê±°ìš´ í–‰ì‚¬ê°€ ê°€ë“í•œ ë‹¬ë¦¬ì—ì„œ ë§›ìˆëŠ” ìˆ ì„ ì£¼ë¬¸í•˜ê³  ì‹¶ë‹¤ë©´ğŸ‘‡",2022-10-07 09:59:32.654,2801,72
ë‹¬ë¦¬ Dali ì£¼ë¥˜ ìŠ¤ë§ˆíŠ¸ì˜¤ë”,2022-10-08,dali.official_,17841445511359388,2874,3487,221,https://www.daligo.co.kr/,https://scontent-sjc3-1.xx.fbcdn.net/v/t51.2885-15/310233742_889332298703314_7982190927844845607_n.jpg?_nc_cat=103&ccb=1-7&_nc_sid=86c713&_nc_ohc=p26Z8Jea31AAX_-smQt&_nc_ht=scontent-sjc3-1.xx&edm=AL-3X8kEAAAA&oh=00_AT-X5hhSFScLn2U1OapcoZHVRLInqZzhhZNzpHGKM41Pmg&oe=6345DA0A,"ì¢‹ì€ ìˆ , ì–´ë µì§€ ì•Šì•„ìš”.
ë‚¨ë‹¬ë¦¬ ìœ ì¾Œí•œ ì–´ë¥¸ë“¤ì˜ ì£¼ë¥˜ ì•±, ë‹¬ë¦¬ Dali
 
ì¦ê±°ìš´ í–‰ì‚¬ê°€ ê°€ë“í•œ ë‹¬ë¦¬ì—ì„œ ë§›ìˆëŠ” ìˆ ì„ ì£¼ë¬¸í•˜ê³  ì‹¶ë‹¤ë©´ğŸ‘‡",2022-10-08 09:42:52.216,2810,72
ë£¨ì–¼ ì ì‹¤ìƒˆë‚´ ì™€ì¸ìƒµ&í…Œì´ìŠ¤íŒ…ë£¸,2022-09-27,luolle_jamsil,17841431842909760,1295,1658,317,http://linktr.ee/luolle_/,https://scontent-ssn1-1.xx.fbcdn.net/v/t51.2885-15/90323072_541470776499586_6037993242375487488_n.jpg?_nc_cat=110&ccb=1-7&_nc_sid=86c713&_nc_ohc=HgPRTQdsrWgAX9E1Vbz&_nc_ht=scontent-ssn1-1.xx&edm=AL-3X8kEAAAA&oh=00_AT_DSKAUbRp_7FHLn1uvX1NhLCcOjVpU9X4E_dm3tceSHA&oe=63384460,"ğŸ·ì§ìˆ˜ì… ì™€ì¸íŒë§¤ ë°”í‹€ìƒµ&ì™€ì¸ì‡¼í•‘ëª°,
ğŸ·ì™€ì¸ëª¨ì„,ê³µê°„ëŒ€ì—¬,íŒŒí‹°ë£¸,ëª¨ì„ëŒ€ê´€,
      ìƒì¼íŒŒí‹°ë£¸,ë¸Œë¼ì´ëœìƒ¤ì›Œ
ğŸ·ì˜ˆì•½,ëŒ€ê´€ ë¬¸ì˜ DM ë° ì¹´í†¡ @playleon
 â˜ï¸02-3432-7787
ì†¡íŒŒêµ¬ ì ì‹¤ë™ 198-7 B1",2022-09-27 14:51:36.124,1832,19
ë£¨ì–¼ ì ì‹¤ìƒˆë‚´ ì™€ì¸ìƒµ&í…Œì´ìŠ¤íŒ…ë£¸,2022-09-28,luolle_jamsil,17841431842909760,1294,1657,317,http://linktr.ee/luolle_/,https://scontent-gmp1-1.xx.fbcdn.net/v/t51.2885-15/90323072_541470776499586_6037993242375487488_n.jpg?_nc_cat=110&ccb=1-7&_nc_sid=86c713&_nc_ohc=R9SobB-zSdMAX8uJqgL&_nc_ht=scontent-gmp1-1.xx&edm=AL-3X8kEAAAA&oh=00_AT_a9g_FxMGcnZxM7h72h0thm8Fh4040YjocYbaJ31DSCA&oe=63384460,"ğŸ·ì§ìˆ˜ì… ì™€ì¸íŒë§¤ ë°”í‹€ìƒµ&ì™€ì¸ì‡¼í•‘ëª°,
ğŸ·ì™€ì¸ëª¨ì„,ê³µê°„ëŒ€ì—¬,íŒŒí‹°ë£¸,ëª¨ì„ëŒ€ê´€,
      ìƒì¼íŒŒí‹°ë£¸,ë¸Œë¼ì´ëœìƒ¤ì›Œ
ğŸ·ì˜ˆì•½,ëŒ€ê´€ ë¬¸ì˜ DM ë° ì¹´í†¡ @playleon
 â˜ï¸02-3432-7787
ì†¡íŒŒêµ¬ ì ì‹¤ë™ 198-7 B1",2022-09-28 16:37:40.352,1832,19
ë£¨ì–¼ ì ì‹¤ìƒˆë‚´ ì™€ì¸ìƒµ&í…Œì´ìŠ¤íŒ…ë£¸,2022-09-29,luolle_jamsil,17841431842909760,1294,1657,317,http://linktr.ee/luolle_/,https://scontent-sjc3-1.xx.fbcdn.net/v/t51.2885-15/90323072_541470776499586_6037993242375487488_n.jpg?_nc_cat=110&ccb=1-7&_nc_sid=86c713&_nc_ohc=R9SobB-zSdMAX_weFC8&_nc_ht=scontent-sjc3-1.xx&edm=AL-3X8kEAAAA&oh=00_AT9hKMuptO3kHmeSvLUiIwjZ6UktcGepR0hxMm95v8xbMQ&oe=633A3EA0,"ğŸ·ì§ìˆ˜ì… ì™€ì¸íŒë§¤ ë°”í‹€ìƒµ&ì™€ì¸ì‡¼í•‘ëª°,
ğŸ·ì™€ì¸ëª¨ì„,ê³µê°„ëŒ€ì—¬,íŒŒí‹°ë£¸,ëª¨ì„ëŒ€ê´€,
      ìƒì¼íŒŒí‹°ë£¸,ë¸Œë¼ì´ëœìƒ¤ì›Œ
ğŸ·ì˜ˆì•½,ëŒ€ê´€ ë¬¸ì˜ DM ë° ì¹´í†¡ @playleon
 â˜ï¸02-3432-7787
ì†¡íŒŒêµ¬ ì ì‹¤ë™ 198-7 B1",2022-09-29 16:33:18.004,1832,19
ë£¨ì–¼ ì ì‹¤ìƒˆë‚´ ì™€ì¸ìƒµ&í…Œì´ìŠ¤íŒ…ë£¸,2022-09-30,luolle_jamsil,17841431842909760,1294,1656,317,http://linktr.ee/luolle_/,https://scontent-sea1-1.xx.fbcdn.net/v/t51.2885-15/90323072_541470776499586_6037993242375487488_n.jpg?_nc_cat=110&ccb=1-7&_nc_sid=86c713&_nc_ohc=R9SobB-zSdMAX_-aEUV&_nc_ht=scontent-sea1-1.xx&edm=AL-3X8kEAAAA&oh=00_AT-y6iMA8sTJZ8QOyaYmGJkM21TGMA52V_IsOKB3_51T3w&oe=633A3EA0,"ğŸ·ì§ìˆ˜ì… ì™€ì¸íŒë§¤ ë°”í‹€ìƒµ&ì™€ì¸ì‡¼í•‘ëª°,
ğŸ·ì™€ì¸ëª¨ì„,ê³µê°„ëŒ€ì—¬,íŒŒí‹°ë£¸,ëª¨ì„ëŒ€ê´€,
      ìƒì¼íŒŒí‹°ë£¸,ë¸Œë¼ì´ëœìƒ¤ì›Œ
ğŸ·ì˜ˆì•½,ëŒ€ê´€ ë¬¸ì˜ DM ë° ì¹´í†¡ @playleon
 â˜ï¸02-3432-7787
ì†¡íŒŒêµ¬ ì ì‹¤ë™ 198-7 B1",2022-09-30 10:06:15.067,1834,20
ë£¨ì–¼ ì ì‹¤ìƒˆë‚´ ì™€ì¸ìƒµ&í…Œì´ìŠ¤íŒ…ë£¸,2022-10-01,luolle_jamsil,17841431842909760,1296,1658,317,http://linktr.ee/luolle_/,https://scontent-sea1-1.xx.fbcdn.net/v/t51.2885-15/90323072_541470776499586_6037993242375487488_n.jpg?_nc_cat=110&ccb=1-7&_nc_sid=86c713&_nc_ohc=Au9J3fTd-_wAX-FURUR&_nc_ht=scontent-sea1-1.xx&edm=AL-3X8kEAAAA&oh=00_AT95c9UcdQ6D4Ijr4bo7C95PuNXEs_Okm9nZZLqfWdFhZA&oe=633C38E0,"ğŸ·ì§ìˆ˜ì… ì™€ì¸íŒë§¤ ë°”í‹€ìƒµ&ì™€ì¸ì‡¼í•‘ëª°,
ğŸ·ì™€ì¸ëª¨ì„,ê³µê°„ëŒ€ì—¬,íŒŒí‹°ë£¸,ëª¨ì„ëŒ€ê´€,
      ìƒì¼íŒŒí‹°ë£¸,ë¸Œë¼ì´ëœìƒ¤ì›Œ
ğŸ·ì˜ˆì•½,ëŒ€ê´€ ë¬¸ì˜ DM ë° ì¹´í†¡ @playleon
 â˜ï¸02-3432-7787
ì†¡íŒŒêµ¬ ì ì‹¤ë™ 198-7 B1",2022-10-01 10:00:25.258,1834,20
ë£¨ì–¼ ì ì‹¤ìƒˆë‚´ ì™€ì¸ìƒµ&í…Œì´ìŠ¤íŒ…ë£¸,2022-10-02,luolle_jamsil,17841431842909760,1296,1657,317,http://linktr.ee/luolle_/,https://scontent-sea1-1.xx.fbcdn.net/v/t51.2885-15/90323072_541470776499586_6037993242375487488_n.jpg?_nc_cat=110&ccb=1-7&_nc_sid=86c713&_nc_ohc=Au9J3fTd-_wAX_yLDZq&_nc_ht=scontent-sea1-1.xx&edm=AL-3X8kEAAAA&oh=00_AT-6L6VcNUO2fu7bZGisGk94dtGpYiK7F9rg8U5I9vckGg&oe=633E3320,"ğŸ·ì§ìˆ˜ì… ì™€ì¸íŒë§¤ ë°”í‹€ìƒµ&ì™€ì¸ì‡¼í•‘ëª°,
ğŸ·ì™€ì¸ëª¨ì„,ê³µê°„ëŒ€ì—¬,íŒŒí‹°ë£¸,ëª¨ì„ëŒ€ê´€,
      ìƒì¼íŒŒí‹°ë£¸,ë¸Œë¼ì´ëœìƒ¤ì›Œ
ğŸ·ì˜ˆì•½,ëŒ€ê´€ ë¬¸ì˜ DM ë° ì¹´í†¡ @playleon
 â˜ï¸02-3432-7787
ì†¡íŒŒêµ¬ ì ì‹¤ë™ 198-7 B1",2022-10-02 09:52:10.568,1834,20
ë£¨ì–¼ ì ì‹¤ìƒˆë‚´ ì™€ì¸ìƒµ&í…Œì´ìŠ¤íŒ…ë£¸,2022-10-03,luolle_jamsil,17841431842909760,1296,1657,317,http://linktr.ee/luolle_/,https://scontent-iad3-1.xx.fbcdn.net/v/t51.2885-15/90323072_541470776499586_6037993242375487488_n.jpg?_nc_cat=110&ccb=1-7&_nc_sid=86c713&_nc_ohc=Au9J3fTd-_wAX-zJwC7&_nc_ht=scontent-iad3-1.xx&edm=AL-3X8kEAAAA&oh=00_AT8bZ8n0X-0SHM3XhRFdEemiIday430Ori-CzQKLkxfiFA&oe=633E3320,"ğŸ·ì§ìˆ˜ì… ì™€ì¸íŒë§¤ ë°”í‹€ìƒµ&ì™€ì¸ì‡¼í•‘ëª°,
ğŸ·ì™€ì¸ëª¨ì„,ê³µê°„ëŒ€ì—¬,íŒŒí‹°ë£¸,ëª¨ì„ëŒ€ê´€,
      ìƒì¼íŒŒí‹°ë£¸,ë¸Œë¼ì´ëœìƒ¤ì›Œ
ğŸ·ì˜ˆì•½,ëŒ€ê´€ ë¬¸ì˜ DM ë° ì¹´í†¡ @playleon
 â˜ï¸02-3432-7787
ì†¡íŒŒêµ¬ ì ì‹¤ë™ 198-7 B1",2022-10-03 09:43:48.066,1834,20
ë£¨ì–¼ ì ì‹¤ìƒˆë‚´ ì™€ì¸ìƒµ&í…Œì´ìŠ¤íŒ…ë£¸,2022-10-04,luolle_jamsil,17841431842909760,1296,1656,317,http://linktr.ee/luolle_/,https://scontent-sea1-1.xx.fbcdn.net/v/t51.2885-15/90323072_541470776499586_6037993242375487488_n.jpg?_nc_cat=110&ccb=1-7&_nc_sid=86c713&_nc_ohc=0_7BIV9Cy2MAX80712C&_nc_ht=scontent-sea1-1.xx&edm=AL-3X8kEAAAA&oh=00_AT-rg_g9XZPPB7Uhqxq11QV_khT0yI3nFMBdEdAEDiVMPQ&oe=63402D60,"ğŸ·ì§ìˆ˜ì… ì™€ì¸íŒë§¤ ë°”í‹€ìƒµ&ì™€ì¸ì‡¼í•‘ëª°,
ğŸ·ì™€ì¸ëª¨ì„,ê³µê°„ëŒ€ì—¬,íŒŒí‹°ë£¸,ëª¨ì„ëŒ€ê´€,
      ìƒì¼íŒŒí‹°ë£¸,ë¸Œë¼ì´ëœìƒ¤ì›Œ
ğŸ·ì˜ˆì•½,ëŒ€ê´€ ë¬¸ì˜ DM ë° ì¹´í†¡ @playleon
 â˜ï¸02-3432-7787
ì†¡íŒŒêµ¬ ì ì‹¤ë™ 198-7 B1",2022-10-04 09:54:20.987,1837,20
ë£¨ì–¼ ì ì‹¤ìƒˆë‚´ ì™€ì¸ìƒµ&í…Œì´ìŠ¤íŒ…ë£¸,2022-10-05,luolle_jamsil,17841431842909760,1296,1655,317,http://linktr.ee/luolle_/,https://scontent-iad3-1.xx.fbcdn.net/v/t51.2885-15/90323072_541470776499586_6037993242375487488_n.jpg?_nc_cat=110&ccb=1-7&_nc_sid=86c713&_nc_ohc=0_7BIV9Cy2MAX_KUrd7&_nc_ht=scontent-iad3-1.xx&edm=AL-3X8kEAAAA&oh=00_AT8a4aubsJoTDyeSDQ5GukmFwgN8Q_cfVpMiJ0saEiXd-g&oe=634227A0,"ğŸ·ì§ìˆ˜ì… ì™€ì¸íŒë§¤ ë°”í‹€ìƒµ&ì™€ì¸ì‡¼í•‘ëª°,
ğŸ·ì™€ì¸ëª¨ì„,ê³µê°„ëŒ€ì—¬,íŒŒí‹°ë£¸,ëª¨ì„ëŒ€ê´€,
      ìƒì¼íŒŒí‹°ë£¸,ë¸Œë¼ì´ëœìƒ¤ì›Œ
ğŸ·ì˜ˆì•½,ëŒ€ê´€ ë¬¸ì˜ DM ë° ì¹´í†¡ @playleon
 â˜ï¸02-3432-7787
ì†¡íŒŒêµ¬ ì ì‹¤ë™ 198-7 B1",2022-10-05 09:53:41.727,1838,20
ë£¨ì–¼ ì ì‹¤ìƒˆë‚´ ì™€ì¸ìƒµ&í…Œì´ìŠ¤íŒ…ë£¸,2022-10-06,luolle_jamsil,17841431842909760,1296,1654,317,http://linktr.ee/luolle_/,https://scontent-sea1-1.xx.fbcdn.net/v/t51.2885-15/90323072_541470776499586_6037993242375487488_n.jpg?_nc_cat=110&ccb=1-7&_nc_sid=86c713&_nc_ohc=0_7BIV9Cy2MAX9hTM8w&_nc_ht=scontent-sea1-1.xx&edm=AL-3X8kEAAAA&oh=00_AT9BWN3IEFxxJEOYz0HrD1rBIqCLGGu_-bE78JDT6Mx2hw&oe=634227A0,"ğŸ·ì§ìˆ˜ì… ì™€ì¸íŒë§¤ ë°”í‹€ìƒµ&ì™€ì¸ì‡¼í•‘ëª°,
ğŸ·ì™€ì¸ëª¨ì„,ê³µê°„ëŒ€ì—¬,íŒŒí‹°ë£¸,ëª¨ì„ëŒ€ê´€,
      ìƒì¼íŒŒí‹°ë£¸,ë¸Œë¼ì´ëœìƒ¤ì›Œ
ğŸ·ì˜ˆì•½,ëŒ€ê´€ ë¬¸ì˜ DM ë° ì¹´í†¡ @playleon
 â˜ï¸02-3432-7787
ì†¡íŒŒêµ¬ ì ì‹¤ë™ 198-7 B1",2022-10-06 09:46:48.526,1838,20
ë£¨ì–¼ ì ì‹¤ìƒˆë‚´ ì™€ì¸ìƒµ&í…Œì´ìŠ¤íŒ…ë£¸,2022-10-07,luolle_jamsil,17841431842909760,1296,1656,317,http://linktr.ee/luolle_/,https://scontent-lcy1-1.xx.fbcdn.net/v/t51.2885-15/90323072_541470776499586_6037993242375487488_n.jpg?_nc_cat=110&ccb=1-7&_nc_sid=86c713&_nc_ohc=aRdmRHXuH0AAX8geSpk&_nc_ht=scontent-lcy1-1.xx&edm=AL-3X8kEAAAA&oh=00_AT9YoqB35SWNfh06xfGkvuFjXow_DkjaP8mBwwi1s2_H0w&oe=634421E0,"ğŸ·ì§ìˆ˜ì… ì™€ì¸íŒë§¤ ë°”í‹€ìƒµ&ì™€ì¸ì‡¼í•‘ëª°,
ğŸ·ì™€ì¸ëª¨ì„,ê³µê°„ëŒ€ì—¬,íŒŒí‹°ë£¸,ëª¨ì„ëŒ€ê´€,
      ìƒì¼íŒŒí‹°ë£¸,ë¸Œë¼ì´ëœìƒ¤ì›Œ
ğŸ·ì˜ˆì•½,ëŒ€ê´€ ë¬¸ì˜ DM ë° ì¹´í†¡ @playleon
 â˜ï¸02-3432-7787
ì†¡íŒŒêµ¬ ì ì‹¤ë™ 198-7 B1",2022-10-07 09:59:32.654,1838,20
ë£¨ì–¼ ì ì‹¤ìƒˆë‚´ ì™€ì¸ìƒµ&í…Œì´ìŠ¤íŒ…ë£¸,2022-10-08,luolle_jamsil,17841431842909760,1296,1656,317,http://linktr.ee/luolle_/,https://scontent-sjc3-1.xx.fbcdn.net/v/t51.2885-15/90323072_541470776499586_6037993242375487488_n.jpg?_nc_cat=110&ccb=1-7&_nc_sid=86c713&_nc_ohc=aRdmRHXuH0AAX9mp0Sd&_nc_ht=scontent-sjc3-1.xx&edm=AL-3X8kEAAAA&oh=00_AT_LePIPW_iL1HKbJqunBlSrtpzrfpMN2uTg93Jt-26H_Q&oe=63461C20,"ğŸ·ì§ìˆ˜ì… ì™€ì¸íŒë§¤ ë°”í‹€ìƒµ&ì™€ì¸ì‡¼í•‘ëª°,
ğŸ·ì™€ì¸ëª¨ì„,ê³µê°„ëŒ€ì—¬,íŒŒí‹°ë£¸,ëª¨ì„ëŒ€ê´€,
      ìƒì¼íŒŒí‹°ë£¸,ë¸Œë¼ì´ëœìƒ¤ì›Œ
ğŸ·ì˜ˆì•½,ëŒ€ê´€ ë¬¸ì˜ DM ë° ì¹´í†¡ @playleon
 â˜ï¸02-3432-7787
ì†¡íŒŒêµ¬ ì ì‹¤ë™ 198-7 B1",2022-10-08 09:42:52.216,1838,20
ì™€ì¸ì†Œì…œ,2022-09-27,winesocial_dosan,17841449777938336,2,5213,153,https://linktr.ee/winesocial_dosan,https://scontent-ssn1-1.xx.fbcdn.net/v/t51.2885-15/286409148_125916113235460_6740749973920539329_n.jpg?_nc_cat=107&ccb=1-7&_nc_sid=86c713&_nc_ohc=_jaXq6d_h0IAX_LnU3j&_nc_ht=scontent-ssn1-1.xx&edm=AL-3X8kEAAAA&oh=00_AT8eILKb_SZgpEiE7wqDwsPMk4kwsqj8s2j0N7MqYmWTug&oe=6337487A,"ì™€ì¸ ë¬¸í™”ê³µê°„, ì™€ì¸ì†Œì…œğŸ·
ìˆ˜-í†  2pm-10pm ì¼ìš”ì¼ 2pm- 9pm(ì›”í™” íœ´ë¬´)
ì˜ˆì•½í•˜ëŸ¬ê°€ê¸° ğŸ‘‡ğŸ‘‡",2022-09-27 14:51:36.124,2067,84
ì™€ì¸ì†Œì…œ,2022-09-28,winesocial_dosan,17841449777938336,2,5230,153,https://linktr.ee/winesocial_dosan,https://scontent-gmp1-1.xx.fbcdn.net/v/t51.2885-15/286409148_125916113235460_6740749973920539329_n.jpg?_nc_cat=107&ccb=1-7&_nc_sid=86c713&_nc_ohc=_jaXq6d_h0IAX9VpTgc&_nc_ht=scontent-gmp1-1.xx&edm=AL-3X8kEAAAA&oh=00_AT-0bwhSU8JelS8bUf49GuZaJAL-_I8IySrqXZXytjSQOA&oe=633942BA,"ì™€ì¸ ë¬¸í™”ê³µê°„, ì™€ì¸ì†Œì…œğŸ·
ìˆ˜-í†  2pm-10pm ì¼ìš”ì¼ 2pm- 9pm(ì›”í™” íœ´ë¬´)
ì˜ˆì•½í•˜ëŸ¬ê°€ê¸° ğŸ‘‡ğŸ‘‡",2022-09-28 16:37:40.352,2097,86
ì™€ì¸ì†Œì…œ,2022-09-29,winesocial_dosan,17841449777938336,2,5236,154,https://linktr.ee/winesocial_dosan,https://scontent-sjc3-1.xx.fbcdn.net/v/t51.2885-15/286409148_125916113235460_6740749973920539329_n.jpg?_nc_cat=107&ccb=1-7&_nc_sid=86c713&_nc_ohc=_jaXq6d_h0IAX8Hrnhp&_nc_ht=scontent-sjc3-1.xx&edm=AL-3X8kEAAAA&oh=00_AT_qLULjFZOaxxDJg2y9On9tUDWQ8jHlKArlEJZO0HevAQ&oe=633942BA,"ì™€ì¸ ë¬¸í™”ê³µê°„, ì™€ì¸ì†Œì…œğŸ·
ìˆ˜-í†  2pm-10pm ì¼ìš”ì¼ 2pm- 9pm(ì›”í™” íœ´ë¬´)
ì˜ˆì•½í•˜ëŸ¬ê°€ê¸° ğŸ‘‡ğŸ‘‡",2022-09-29 16:33:18.004,2072,84
ì™€ì¸ì†Œì…œ,2022-09-30,winesocial_dosan,17841449777938336,2,5234,154,https://linktr.ee/winesocial_dosan,https://scontent-sea1-1.xx.fbcdn.net/v/t51.2885-15/286409148_125916113235460_6740749973920539329_n.jpg?_nc_cat=107&ccb=1-7&_nc_sid=86c713&_nc_ohc=_jaXq6d_h0IAX9XAzQI&_nc_ht=scontent-sea1-1.xx&edm=AL-3X8kEAAAA&oh=00_AT9iO1c0Pj0YQqb_HsOY7Xo73Fc8Kt0OCiSqdxDuOT8zaQ&oe=633B3CFA,"ì™€ì¸ ë¬¸í™”ê³µê°„, ì™€ì¸ì†Œì…œğŸ·
ìˆ˜-í†  2pm-10pm ì¼ìš”ì¼ 2pm- 9pm(ì›”í™” íœ´ë¬´)
ì˜ˆì•½í•˜ëŸ¬ê°€ê¸° ğŸ‘‡ğŸ‘‡",2022-09-30 10:06:15.067,2083,84
ì™€ì¸ì†Œì…œ,2022-10-01,winesocial_dosan,17841449777938336,2,5251,154,https://linktr.ee/winesocial_dosan,https://scontent-sea1-1.xx.fbcdn.net/v/t51.2885-15/286409148_125916113235460_6740749973920539329_n.jpg?_nc_cat=107&ccb=1-7&_nc_sid=86c713&_nc_ohc=4HmG8-EE1vsAX-17fMY&_nc_ht=scontent-sea1-1.xx&edm=AL-3X8kEAAAA&oh=00_AT-MPQuPRZpxLsIFceP9w-j6pDq0rHv95zLybUjGnEDPeQ&oe=633D373A,"ì™€ì¸ ë¬¸í™”ê³µê°„, ì™€ì¸ì†Œì…œğŸ·
ìˆ˜-í†  2pm-10pm ì¼ìš”ì¼ 2pm- 9pm(ì›”í™” íœ´ë¬´)
ì˜ˆì•½í•˜ëŸ¬ê°€ê¸° ğŸ‘‡ğŸ‘‡",2022-10-01 10:00:25.258,2094,84
ì™€ì¸ì†Œì…œ,2022-10-02,winesocial_dosan,17841449777938336,2,5253,154,https://linktr.ee/winesocial_dosan,https://scontent-sea1-1.xx.fbcdn.net/v/t51.2885-15/286409148_125916113235460_6740749973920539329_n.jpg?_nc_cat=107&ccb=1-7&_nc_sid=86c713&_nc_ohc=4HmG8-EE1vsAX-INwgs&_nc_ht=scontent-sea1-1.xx&edm=AL-3X8kEAAAA&oh=00_AT93_4NGG9dIuzG_4hwM-5TMEMGpGI1CX6hcEOJeotxdwg&oe=633D373A,"ì™€ì¸ ë¬¸í™”ê³µê°„, ì™€ì¸ì†Œì…œğŸ·
ìˆ˜-í†  2pm-10pm ì¼ìš”ì¼ 2pm- 9pm(ì›”í™” íœ´ë¬´)
ì˜ˆì•½í•˜ëŸ¬ê°€ê¸° ğŸ‘‡ğŸ‘‡",2022-10-02 09:52:10.568,2105,84
ì™€ì¸ì†Œì…œ,2022-10-03,winesocial_dosan,17841449777938336,2,5251,154,https://linktr.ee/winesocial_dosan,https://scontent-iad3-1.xx.fbcdn.net/v/t51.2885-15/286409148_125916113235460_6740749973920539329_n.jpg?_nc_cat=107&ccb=1-7&_nc_sid=86c713&_nc_ohc=4HmG8-EE1vsAX8U9n-B&_nc_ht=scontent-iad3-1.xx&edm=AL-3X8kEAAAA&oh=00_AT-UjjUlVO-nUFgbIoUQelh1kaY5c849vf82cCsMtPeq2A&oe=633F317A,"ì™€ì¸ ë¬¸í™”ê³µê°„, ì™€ì¸ì†Œì…œğŸ·
ìˆ˜-í†  2pm-10pm ì¼ìš”ì¼ 2pm- 9pm(ì›”í™” íœ´ë¬´)
ì˜ˆì•½í•˜ëŸ¬ê°€ê¸° ğŸ‘‡ğŸ‘‡",2022-10-03 09:43:48.066,2107,84
ì™€ì¸ì†Œì…œ,2022-10-04,winesocial_dosan,17841449777938336,2,5250,155,https://linktr.ee/winesocial_dosan,https://scontent-sea1-1.xx.fbcdn.net/v/t51.2885-15/286409148_125916113235460_6740749973920539329_n.jpg?_nc_cat=107&ccb=1-7&_nc_sid=86c713&_nc_ohc=-6PWQafdnOwAX_GsJMV&_nc_ht=scontent-sea1-1.xx&edm=AL-3X8kEAAAA&oh=00_AT8VtNIyRyvf140uKiFJ-B_LANxHeDr8WOerbhirnUN1pQ&oe=63412BBA,"ì™€ì¸ ë¬¸í™”ê³µê°„, ì™€ì¸ì†Œì…œğŸ·
ìˆ˜-í†  2pm-10pm ì¼ìš”ì¼ 2pm- 9pm(ì›”í™” íœ´ë¬´)
ì˜ˆì•½í•˜ëŸ¬ê°€ê¸° ğŸ‘‡ğŸ‘‡",2022-10-04 09:54:20.987,2009,84
ì™€ì¸ì†Œì…œ,2022-10-05,winesocial_dosan,17841449777938336,2,5251,155,https://linktr.ee/winesocial_dosan,https://scontent-iad3-1.xx.fbcdn.net/v/t51.2885-15/286409148_125916113235460_6740749973920539329_n.jpg?_nc_cat=107&ccb=1-7&_nc_sid=86c713&_nc_ohc=-6PWQafdnOwAX-6a3_S&_nc_ht=scontent-iad3-1.xx&edm=AL-3X8kEAAAA&oh=00_AT-nkGXvOvga26VCYhVpwqKgp8Htdle3yoEYnb9BR-bikw&oe=63412BBA,"ì™€ì¸ ë¬¸í™”ê³µê°„, ì™€ì¸ì†Œì…œğŸ·
ìˆ˜-í†  2pm-10pm ì¼ìš”ì¼ 2pm- 9pm(ì›”í™” íœ´ë¬´)
ì˜ˆì•½í•˜ëŸ¬ê°€ê¸° ğŸ‘‡ğŸ‘‡",2022-10-05 09:53:41.727,2102,84
ì™€ì¸ì†Œì…œ,2022-10-06,winesocial_dosan,17841449777938336,2,5254,156,https://linktr.ee/winesocial_dosan,https://scontent-sea1-1.xx.fbcdn.net/v/t51.2885-15/286409148_125916113235460_6740749973920539329_n.jpg?_nc_cat=107&ccb=1-7&_nc_sid=86c713&_nc_ohc=-6PWQafdnOwAX8qDe0W&_nc_ht=scontent-sea1-1.xx&edm=AL-3X8kEAAAA&oh=00_AT9gW3ttFD3J94z7CeFV713jYTS-KihnNtKrn27SXtRUrA&oe=634325FA,"ì™€ì¸ ë¬¸í™”ê³µê°„, ì™€ì¸ì†Œì…œğŸ·
ìˆ˜-í†  2pm-10pm ì¼ìš”ì¼ 2pm- 9pm(ì›”í™” íœ´ë¬´)
ì˜ˆì•½í•˜ëŸ¬ê°€ê¸° ğŸ‘‡ğŸ‘‡",2022-10-06 09:46:48.526,2013,81
ì™€ì¸ì†Œì…œ,2022-10-07,winesocial_dosan,17841449777938336,2,5268,157,https://linktr.ee/winesocial_dosan,https://scontent-lcy1-1.xx.fbcdn.net/v/t51.2885-15/286409148_125916113235460_6740749973920539329_n.jpg?_nc_cat=107&ccb=1-7&_nc_sid=86c713&_nc_ohc=EJLNi1Qs9UMAX-9YaC7&_nc_ht=scontent-lcy1-1.xx&edm=AL-3X8kEAAAA&oh=00_AT-D7dBAcra3Ph1U8VQnHXJ46MKT60mWOq8Y1mLIFQIk6g&oe=6345203A,"ì™€ì¸ ë¬¸í™”ê³µê°„, ì™€ì¸ì†Œì…œğŸ·
ìˆ˜-í†  2pm-10pm ì¼ìš”ì¼ 2pm- 9pm(ì›”í™” íœ´ë¬´)
ì˜ˆì•½í•˜ëŸ¬ê°€ê¸° ğŸ‘‡ğŸ‘‡",2022-10-07 09:59:32.654,1984,82
ì™€ì¸ì†Œì…œ,2022-10-08,winesocial_dosan,17841449777938336,2,5283,157,https://linktr.ee/winesocial_dosan,https://scontent-sjc3-1.xx.fbcdn.net/v/t51.2885-15/286409148_125916113235460_6740749973920539329_n.jpg?_nc_cat=107&ccb=1-7&_nc_sid=86c713&_nc_ohc=EJLNi1Qs9UMAX8KI_yi&_nc_ht=scontent-sjc3-1.xx&edm=AL-3X8kEAAAA&oh=00_AT96Kh_pOwp0WicHcS6XLaaVdAeMjK0ZPS5EnELjEFGf4g&oe=6345203A,"ì™€ì¸ ë¬¸í™”ê³µê°„, ì™€ì¸ì†Œì…œğŸ·
ìˆ˜-í†  2pm-10pm ì¼ìš”ì¼ 2pm- 9pm(ì›”í™” íœ´ë¬´)
ì˜ˆì•½í•˜ëŸ¬ê°€ê¸° ğŸ‘‡ğŸ‘‡",2022-10-08 09:42:52.216,2062,82
ì™€í”„ë„ˆ | wapener,2022-09-27,wapener,17841444965924426,2,3791,231,https://linktr.ee/wapener,https://scontent-ssn1-1.xx.fbcdn.net/v/t51.2885-15/278281463_542447847213549_676763277042173322_n.jpg?_nc_cat=100&ccb=1-7&_nc_sid=86c713&_nc_ohc=lVFE-zNMoxMAX_WliME&_nc_ht=scontent-ssn1-1.xx&edm=AL-3X8kEAAAA&oh=00_AT_mwOCePV9mUaTlUi_4CDqvutlEl4QWIf5rhQU3hc2FgQ&oe=6337A6FE,"ì·¨í–¥ ê¸°ë°˜ ì™€ì¸ ì†Œì…œ ì»¤ë®¤ë‹ˆí‹° ì•± 
[ì™€í”„ë„ˆ] ê³µì‹ ê³„ì •ì…ë‹ˆë‹¤ğŸ·",2022-09-27 14:51:36.124,1745,128
ì™€í”„ë„ˆ | wapener,2022-09-28,wapener,17841444965924426,2,3791,231,https://linktr.ee/wapener,https://scontent-gmp1-1.xx.fbcdn.net/v/t51.2885-15/278281463_542447847213549_676763277042173322_n.jpg?_nc_cat=100&ccb=1-7&_nc_sid=86c713&_nc_ohc=lVFE-zNMoxMAX-WIuAk&_nc_ht=scontent-gmp1-1.xx&edm=AL-3X8kEAAAA&oh=00_AT-Jy-h4RW8oov8zUlHwczRYRLacSKnConsVvnYaOwQyQA&oe=6339A13E,"ì·¨í–¥ ê¸°ë°˜ ì™€ì¸ ì†Œì…œ ì»¤ë®¤ë‹ˆí‹° ì•± 
[ì™€í”„ë„ˆ] ê³µì‹ ê³„ì •ì…ë‹ˆë‹¤ğŸ·",2022-09-28 16:37:40.352,1746,128
ì™€í”„ë„ˆ | wapener,2022-09-29,wapener,17841444965924426,2,3792,231,https://linktr.ee/wapener,https://scontent-sjc3-1.xx.fbcdn.net/v/t51.2885-15/278281463_542447847213549_676763277042173322_n.jpg?_nc_cat=100&ccb=1-7&_nc_sid=86c713&_nc_ohc=lVFE-zNMoxMAX9Sar8A&_nc_ht=scontent-sjc3-1.xx&edm=AL-3X8kEAAAA&oh=00_AT81-4U2yzBDLgtw-xwK646Wcj2TVxXQT-azK8oS8ZSAiw&oe=6339A13E,"ì·¨í–¥ ê¸°ë°˜ ì™€ì¸ ì†Œì…œ ì»¤ë®¤ë‹ˆí‹° ì•± 
[ì™€í”„ë„ˆ] ê³µì‹ ê³„ì •ì…ë‹ˆë‹¤ğŸ·",2022-09-29 16:33:18.004,1747,128
ì™€í”„ë„ˆ | wapener,2022-09-30,wapener,17841444965924426,2,3793,231,https://linktr.ee/wapener,https://scontent-sea1-1.xx.fbcdn.net/v/t51.2885-15/278281463_542447847213549_676763277042173322_n.jpg?_nc_cat=100&ccb=1-7&_nc_sid=86c713&_nc_ohc=7q3IfRQlJMsAX_jgiQO&_nc_ht=scontent-sea1-1.xx&edm=AL-3X8kEAAAA&oh=00_AT_11HYaJXuDDbt9-6SW5EqI6sHS_9FtdKPuW3d78Dy9ow&oe=633B9B7E,"ì·¨í–¥ ê¸°ë°˜ ì™€ì¸ ì†Œì…œ ì»¤ë®¤ë‹ˆí‹° ì•± 
[ì™€í”„ë„ˆ] ê³µì‹ ê³„ì •ì…ë‹ˆë‹¤ğŸ·",2022-09-30 10:06:15.067,1747,128
ì™€í”„ë„ˆ | wapener,2022-10-01,wapener,17841444965924426,2,3793,231,https://linktr.ee/wapener,https://scontent-sea1-1.xx.fbcdn.net/v/t51.2885-15/278281463_542447847213549_676763277042173322_n.jpg?_nc_cat=100&ccb=1-7&_nc_sid=86c713&_nc_ohc=7q3IfRQlJMsAX9OTtAS&_nc_ht=scontent-sea1-1.xx&edm=AL-3X8kEAAAA&oh=00_AT_r8Ta3fU_PtN9635de_WXtM4OoGLp3ULh-kA4jZ7z71A&oe=633B9B7E,"ì·¨í–¥ ê¸°ë°˜ ì™€ì¸ ì†Œì…œ ì»¤ë®¤ë‹ˆí‹° ì•± 
[ì™€í”„ë„ˆ] ê³µì‹ ê³„ì •ì…ë‹ˆë‹¤ğŸ·",2022-10-01 10:00:25.258,1747,128
ì™€í”„ë„ˆ | wapener,2022-10-02,wapener,17841444965924426,2,3796,231,https://linktr.ee/wapener,https://scontent-sea1-1.xx.fbcdn.net/v/t51.2885-15/278281463_542447847213549_676763277042173322_n.jpg?_nc_cat=100&ccb=1-7&_nc_sid=86c713&_nc_ohc=7q3IfRQlJMsAX8hd3in&_nc_ht=scontent-sea1-1.xx&edm=AL-3X8kEAAAA&oh=00_AT-0sGjl6ubfmXFABnSt_b1raVwtshmO9YSNMB5ZhMe2XA&oe=633D95BE,"ì·¨í–¥ ê¸°ë°˜ ì™€ì¸ ì†Œì…œ ì»¤ë®¤ë‹ˆí‹° ì•± 
[ì™€í”„ë„ˆ] ê³µì‹ ê³„ì •ì…ë‹ˆë‹¤ğŸ·",2022-10-02 09:52:10.568,1747,128
ì™€í”„ë„ˆ | wapener,2022-10-03,wapener,17841444965924426,2,3795,231,https://linktr.ee/wapener,https://scontent-iad3-1.xx.fbcdn.net/v/t51.2885-15/278281463_542447847213549_676763277042173322_n.jpg?_nc_cat=100&ccb=1-7&_nc_sid=86c713&_nc_ohc=joDRAkXOacQAX9b2egt&_nc_ht=scontent-iad3-1.xx&edm=AL-3X8kEAAAA&oh=00_AT9Sey_DkwH8KXaRls8-LJCHJ3aObjripaa1FvFtqA78RQ&oe=633F8FFE,"ì·¨í–¥ ê¸°ë°˜ ì™€ì¸ ì†Œì…œ ì»¤ë®¤ë‹ˆí‹° ì•± 
[ì™€í”„ë„ˆ] ê³µì‹ ê³„ì •ì…ë‹ˆë‹¤ğŸ·",2022-10-03 09:43:48.066,1747,128
ì™€í”„ë„ˆ | wapener,2022-10-04,wapener,17841444965924426,2,3795,231,https://linktr.ee/wapener,https://scontent-sea1-1.xx.fbcdn.net/v/t51.2885-15/278281463_542447847213549_676763277042173322_n.jpg?_nc_cat=100&ccb=1-7&_nc_sid=86c713&_nc_ohc=joDRAkXOacQAX82i0Kj&_nc_ht=scontent-sea1-1.xx&edm=AL-3X8kEAAAA&oh=00_AT-QCnbd2BcegRw7JfE02Qw-X4yxIU23ntRGbkUfaoqcMA&oe=633F8FFE,"ì·¨í–¥ ê¸°ë°˜ ì™€ì¸ ì†Œì…œ ì»¤ë®¤ë‹ˆí‹° ì•± 
[ì™€í”„ë„ˆ] ê³µì‹ ê³„ì •ì…ë‹ˆë‹¤ğŸ·",2022-10-04 09:54:20.987,1747,128
ì™€í”„ë„ˆ | wapener,2022-10-05,wapener,17841444965924426,2,3793,231,https://linktr.ee/wapener,https://scontent-iad3-1.xx.fbcdn.net/v/t51.2885-15/278281463_542447847213549_676763277042173322_n.jpg?_nc_cat=100&ccb=1-7&_nc_sid=86c713&_nc_ohc=joDRAkXOacQAX-4rnpy&_nc_ht=scontent-iad3-1.xx&edm=AL-3X8kEAAAA&oh=00_AT88NycnpsGuFjSqYi6J-ztdUy2JTK1BfrPHnmB99XAmng&oe=63418A3E,"ì·¨í–¥ ê¸°ë°˜ ì™€ì¸ ì†Œì…œ ì»¤ë®¤ë‹ˆí‹° ì•± 
[ì™€í”„ë„ˆ] ê³µì‹ ê³„ì •ì…ë‹ˆë‹¤ğŸ·",2022-10-05 09:53:41.727,1747,128
ì™€í”„ë„ˆ | wapener,2022-10-06,wapener,17841444965924426,2,3795,231,https://linktr.ee/wapener,https://scontent-sea1-1.xx.fbcdn.net/v/t51.2885-15/278281463_542447847213549_676763277042173322_n.jpg?_nc_cat=100&ccb=1-7&_nc_sid=86c713&_nc_ohc=M3b-dFgVpowAX_-OlRk&_nc_ht=scontent-sea1-1.xx&edm=AL-3X8kEAAAA&oh=00_AT8HBEAu8IyF1_n-f6Cu6qkNAxvwHQnZjefkk4YQME7Deg&oe=6343847E,"ì·¨í–¥ ê¸°ë°˜ ì™€ì¸ ì†Œì…œ ì»¤ë®¤ë‹ˆí‹° ì•± 
[ì™€í”„ë„ˆ] ê³µì‹ ê³„ì •ì…ë‹ˆë‹¤ğŸ·",2022-10-06 09:46:48.526,1747,128
ì™€í”„ë„ˆ | wapener,2022-10-07,wapener,17841444965924426,2,3795,231,https://linktr.ee/wapener,https://scontent-lcy1-1.xx.fbcdn.net/v/t51.2885-15/278281463_542447847213549_676763277042173322_n.jpg?_nc_cat=100&ccb=1-7&_nc_sid=86c713&_nc_ohc=M3b-dFgVpowAX-Flhy7&_nc_ht=scontent-lcy1-1.xx&edm=AL-3X8kEAAAA&oh=00_AT_WFHdKtdG1AM23TsfBLOoBFLQ3805b27J6AhFhyM2dBQ&oe=6343847E,"ì·¨í–¥ ê¸°ë°˜ ì™€ì¸ ì†Œì…œ ì»¤ë®¤ë‹ˆí‹° ì•± 
[ì™€í”„ë„ˆ] ê³µì‹ ê³„ì •ì…ë‹ˆë‹¤ğŸ·",2022-10-07 09:59:32.654,1748,128
ì™€í”„ë„ˆ | wapener,2022-10-08,wapener,17841444965924426,2,3790,231,https://linktr.ee/wapener,https://scontent-sjc3-1.xx.fbcdn.net/v/t51.2885-15/278281463_542447847213549_676763277042173322_n.jpg?_nc_cat=100&ccb=1-7&_nc_sid=86c713&_nc_ohc=M3b-dFgVpowAX-jvyYG&_nc_ht=scontent-sjc3-1.xx&edm=AL-3X8kEAAAA&oh=00_AT9mJrlJdhkNqev66BBotH6qC1IMxMpZywZZrJ_t6jXY0g&oe=63457EBE,"ì·¨í–¥ ê¸°ë°˜ ì™€ì¸ ì†Œì…œ ì»¤ë®¤ë‹ˆí‹° ì•± 
[ì™€í”„ë„ˆ] ê³µì‹ ê³„ì •ì…ë‹ˆë‹¤ğŸ·",2022-10-08 09:42:52.216,1748,128
í…Œì´ìŠ¤íŒ… ì™€ì¸ìƒµ á„‹á…ªá„‹á…µá†«á„ƒá…©á„‹á…¥,2022-09-27,winedoor_official,17841444742294852,337,3495,409,https://www.youtube.com/channel/UCU4oFiZc7x8DqlkFeJOO31w,https://scontent-ssn1-1.xx.fbcdn.net/v/t51.2885-15/131377722_143680620657318_7773077553056580665_n.jpg?_nc_cat=108&ccb=1-7&_nc_sid=86c713&_nc_ohc=D9S7jlujiTUAX_yggyA&_nc_ht=scontent-ssn1-1.xx&edm=AL-3X8kEAAAA&oh=00_AT9eCmh1tG09U4walr6IHqGAslfPaxJSo0Vt3xjqUt-2jA&oe=63386276,"19ë…„ê°„ ì™€ì¸ì—…ê³„ì— ì¢…ì‚¬í•˜ì‹  ëŒ€í‘œë‹˜ê»˜ì„œ ë¦¬ìŠ¤íŠ¸ë¥¼ ì„ ì •í•˜ê³  8ì¢… ì´ìƒì˜ ì™€ì¸ì„ ë§¤ì¼ ì‹œìŒí• ìˆ˜ ìˆëŠ” â€˜ì „ë¬¸ í…Œì´ìŠ¤íŒ… ì™€ì¸ìƒµâ€™ ì…ë‹ˆë‹¤.
âœ‰ï¸ DM ë¬¸ì˜ëŠ” ë°›ì§€ ì•ŠìŠµë‹ˆë‹¤ 
ğŸ“ ì˜ˆì•½ 010-6389-4908
ğŸ— ë¹„ì¦ˆë‹ˆìŠ¤: Winedoor@naver.com
ğŸ“º ìœ íˆ¬ë¸Œì±„ë„â†“",2022-09-27 14:51:36.124,5247,62
í…Œì´ìŠ¤íŒ… ì™€ì¸ìƒµ á„‹á…ªá„‹á…µá†«á„ƒá…©á„‹á…¥,2022-09-28,winedoor_official,17841444742294852,337,3505,410,https://www.youtube.com/channel/UCU4oFiZc7x8DqlkFeJOO31w,https://scontent-gmp1-1.xx.fbcdn.net/v/t51.2885-15/131377722_143680620657318_7773077553056580665_n.jpg?_nc_cat=108&ccb=1-7&_nc_sid=86c713&_nc_ohc=D9S7jlujiTUAX-0BZ8a&_nc_ht=scontent-gmp1-1.xx&edm=AL-3X8kEAAAA&oh=00_AT_z49llX8BqGPVHLGADdJbQR3CyLi_wy1x3vN9UMb36oQ&oe=63386276,"19ë…„ê°„ ì™€ì¸ì—…ê³„ì— ì¢…ì‚¬í•˜ì‹  ëŒ€í‘œë‹˜ê»˜ì„œ ë¦¬ìŠ¤íŠ¸ë¥¼ ì„ ì •í•˜ê³  8ì¢… ì´ìƒì˜ ì™€ì¸ì„ ë§¤ì¼ ì‹œìŒí• ìˆ˜ ìˆëŠ” â€˜ì „ë¬¸ í…Œì´ìŠ¤íŒ… ì™€ì¸ìƒµâ€™ ì…ë‹ˆë‹¤.
âœ‰ï¸ DM ë¬¸ì˜ëŠ” ë°›ì§€ ì•ŠìŠµë‹ˆë‹¤ 
ğŸ“ ì˜ˆì•½ 010-6389-4908
ğŸ— ë¹„ì¦ˆë‹ˆìŠ¤: Winedoor@naver.com
ğŸ“º ìœ íˆ¬ë¸Œì±„ë„â†“",2022-09-28 16:37:40.352,5253,62
í…Œì´ìŠ¤íŒ… ì™€ì¸ìƒµ á„‹á…ªá„‹á…µá†«á„ƒá…©á„‹á…¥,2022-09-29,winedoor_official,17841444742294852,337,3513,411,https://www.youtube.com/channel/UCU4oFiZc7x8DqlkFeJOO31w,https://scontent-sjc3-1.xx.fbcdn.net/v/t51.2885-15/131377722_143680620657318_7773077553056580665_n.jpg?_nc_cat=108&ccb=1-7&_nc_sid=86c713&_nc_ohc=D9S7jlujiTUAX8Hp6Eq&_nc_ht=scontent-sjc3-1.xx&edm=AL-3X8kEAAAA&oh=00_AT8fz1OtLF1esSFgFiSVE-61SOAJGfFq2gRDwO-7_k45Hw&oe=633A5CB6,"19ë…„ê°„ ì™€ì¸ì—…ê³„ì— ì¢…ì‚¬í•˜ì‹  ëŒ€í‘œë‹˜ê»˜ì„œ ë¦¬ìŠ¤íŠ¸ë¥¼ ì„ ì •í•˜ê³  8ì¢… ì´ìƒì˜ ì™€ì¸ì„ ë§¤ì¼ ì‹œìŒí• ìˆ˜ ìˆëŠ” â€˜ì „ë¬¸ í…Œì´ìŠ¤íŒ… ì™€ì¸ìƒµâ€™ ì…ë‹ˆë‹¤.
âœ‰ï¸ DM ë¬¸ì˜ëŠ” ë°›ì§€ ì•ŠìŠµë‹ˆë‹¤ 
ğŸ“ ì˜ˆì•½ 010-6389-4908
ğŸ— ë¹„ì¦ˆë‹ˆìŠ¤: Winedoor@naver.com
ğŸ“º ìœ íˆ¬ë¸Œì±„ë„â†“",2022-09-29 16:33:18.004,5154,61
í…Œì´ìŠ¤íŒ… ì™€ì¸ìƒµ á„‹á…ªá„‹á…µá†«á„ƒá…©á„‹á…¥,2022-09-30,winedoor_official,17841444742294852,337,3515,411,https://www.youtube.com/channel/UCU4oFiZc7x8DqlkFeJOO31w,https://scontent-sea1-1.xx.fbcdn.net/v/t51.2885-15/131377722_143680620657318_7773077553056580665_n.jpg?_nc_cat=108&ccb=1-7&_nc_sid=86c713&_nc_ohc=D9S7jlujiTUAX9408bw&_nc_ht=scontent-sea1-1.xx&edm=AL-3X8kEAAAA&oh=00_AT_5S409BTcmMrTfQopDxp8KFlar_ENoW7sdy8diINf0VQ&oe=633A5CB6,"19ë…„ê°„ ì™€ì¸ì—…ê³„ì— ì¢…ì‚¬í•˜ì‹  ëŒ€í‘œë‹˜ê»˜ì„œ ë¦¬ìŠ¤íŠ¸ë¥¼ ì„ ì •í•˜ê³  8ì¢… ì´ìƒì˜ ì™€ì¸ì„ ë§¤ì¼ ì‹œìŒí• ìˆ˜ ìˆëŠ” â€˜ì „ë¬¸ í…Œì´ìŠ¤íŒ… ì™€ì¸ìƒµâ€™ ì…ë‹ˆë‹¤.
âœ‰ï¸ DM ë¬¸ì˜ëŠ” ë°›ì§€ ì•ŠìŠµë‹ˆë‹¤ 
ğŸ“ ì˜ˆì•½ 010-6389-4908
ğŸ— ë¹„ì¦ˆë‹ˆìŠ¤: Winedoor@naver.com
ğŸ“º ìœ íˆ¬ë¸Œì±„ë„â†“",2022-09-30 10:06:15.067,5180,61
í…Œì´ìŠ¤íŒ… ì™€ì¸ìƒµ á„‹á…ªá„‹á…µá†«á„ƒá…©á„‹á…¥,2022-10-01,winedoor_official,17841444742294852,337,3515,412,https://www.youtube.com/channel/UCU4oFiZc7x8DqlkFeJOO31w,https://scontent-sea1-1.xx.fbcdn.net/v/t51.2885-15/131377722_143680620657318_7773077553056580665_n.jpg?_nc_cat=108&ccb=1-7&_nc_sid=86c713&_nc_ohc=rjj5qOilFeMAX_Irxd_&_nc_ht=scontent-sea1-1.xx&edm=AL-3X8kEAAAA&oh=00_AT_j1-p4VKBaFDfpCbQH-O4IXk3UdJJkI8y2-TO9uwJwRA&oe=633C56F6,"19ë…„ê°„ ì™€ì¸ì—…ê³„ì— ì¢…ì‚¬í•˜ì‹  ëŒ€í‘œë‹˜ê»˜ì„œ ë¦¬ìŠ¤íŠ¸ë¥¼ ì„ ì •í•˜ê³  8ì¢… ì´ìƒì˜ ì™€ì¸ì„ ë§¤ì¼ ì‹œìŒí• ìˆ˜ ìˆëŠ” â€˜ì „ë¬¸ í…Œì´ìŠ¤íŒ… ì™€ì¸ìƒµâ€™ ì…ë‹ˆë‹¤.
âœ‰ï¸ DM ë¬¸ì˜ëŠ” ë°›ì§€ ì•ŠìŠµë‹ˆë‹¤ 
ğŸ“ ì˜ˆì•½ 010-6389-4908
ğŸ— ë¹„ì¦ˆë‹ˆìŠ¤: Winedoor@naver.com
ğŸ“º ìœ íˆ¬ë¸Œì±„ë„â†“",2022-10-01 10:00:25.258,5125,63
í…Œì´ìŠ¤íŒ… ì™€ì¸ìƒµ á„‹á…ªá„‹á…µá†«á„ƒá…©á„‹á…¥,2022-10-02,winedoor_official,17841444742294852,339,3515,412,https://www.youtube.com/channel/UCU4oFiZc7x8DqlkFeJOO31w,https://scontent-sea1-1.xx.fbcdn.net/v/t51.2885-15/131377722_143680620657318_7773077553056580665_n.jpg?_nc_cat=108&ccb=1-7&_nc_sid=86c713&_nc_ohc=rjj5qOilFeMAX_OImH9&_nc_ht=scontent-sea1-1.xx&edm=AL-3X8kEAAAA&oh=00_AT_KB3eiDOXnqme2cCX-FijhXSR51ZucWz9zcN3CyubUnw&oe=633E5136,"19ë…„ê°„ ì™€ì¸ì—…ê³„ì— ì¢…ì‚¬í•˜ì‹  ëŒ€í‘œë‹˜ê»˜ì„œ ë¦¬ìŠ¤íŠ¸ë¥¼ ì„ ì •í•˜ê³  8ì¢… ì´ìƒì˜ ì™€ì¸ì„ ë§¤ì¼ ì‹œìŒí• ìˆ˜ ìˆëŠ” â€˜ì „ë¬¸ í…Œì´ìŠ¤íŒ… ì™€ì¸ìƒµâ€™ ì…ë‹ˆë‹¤.
âœ‰ï¸ DM ë¬¸ì˜ëŠ” ë°›ì§€ ì•ŠìŠµë‹ˆë‹¤ 
ğŸ“ ì˜ˆì•½ 010-6389-4908
ğŸ— ë¹„ì¦ˆë‹ˆìŠ¤: Winedoor@naver.com
ğŸ“º ìœ íˆ¬ë¸Œì±„ë„â†“",2022-10-02 09:52:10.568,5154,67
í…Œì´ìŠ¤íŒ… ì™€ì¸ìƒµ á„‹á…ªá„‹á…µá†«á„ƒá…©á„‹á…¥,2022-10-03,winedoor_official,17841444742294852,339,3523,412,https://www.youtube.com/channel/UCU4oFiZc7x8DqlkFeJOO31w,https://scontent-iad3-1.xx.fbcdn.net/v/t51.2885-15/131377722_143680620657318_7773077553056580665_n.jpg?_nc_cat=108&ccb=1-7&_nc_sid=86c713&_nc_ohc=rjj5qOilFeMAX8pLbyX&_nc_ht=scontent-iad3-1.xx&edm=AL-3X8kEAAAA&oh=00_AT9aL2bXfIqneXTb0DvkO340nOOEBkiL03D9HzVyKKcrZA&oe=633E5136,"19ë…„ê°„ ì™€ì¸ì—…ê³„ì— ì¢…ì‚¬í•˜ì‹  ëŒ€í‘œë‹˜ê»˜ì„œ ë¦¬ìŠ¤íŠ¸ë¥¼ ì„ ì •í•˜ê³  8ì¢… ì´ìƒì˜ ì™€ì¸ì„ ë§¤ì¼ ì‹œìŒí• ìˆ˜ ìˆëŠ” â€˜ì „ë¬¸ í…Œì´ìŠ¤íŒ… ì™€ì¸ìƒµâ€™ ì…ë‹ˆë‹¤.
âœ‰ï¸ DM ë¬¸ì˜ëŠ” ë°›ì§€ ì•ŠìŠµë‹ˆë‹¤ 
ğŸ“ ì˜ˆì•½ 010-6389-4908
ğŸ— ë¹„ì¦ˆë‹ˆìŠ¤: Winedoor@naver.com
ğŸ“º ìœ íˆ¬ë¸Œì±„ë„â†“",2022-10-03 09:43:48.066,5175,67
í…Œì´ìŠ¤íŒ… ì™€ì¸ìƒµ á„‹á…ªá„‹á…µá†«á„ƒá…©á„‹á…¥,2022-10-04,winedoor_official,17841444742294852,347,3521,413,https://www.youtube.com/channel/UCU4oFiZc7x8DqlkFeJOO31w,https://scontent-sea1-1.xx.fbcdn.net/v/t51.2885-15/131377722_143680620657318_7773077553056580665_n.jpg?_nc_cat=108&ccb=1-7&_nc_sid=86c713&_nc_ohc=i-L9e_OtUCoAX8Xovx4&_nc_ht=scontent-sea1-1.xx&edm=AL-3X8kEAAAA&oh=00_AT8wIOnNKjTg-RKX3kmv7crs2Q65eUZjyshlaCbsjBUsRg&oe=63404B76,"19ë…„ê°„ ì™€ì¸ì—…ê³„ì— ì¢…ì‚¬í•˜ì‹  ëŒ€í‘œë‹˜ê»˜ì„œ ë¦¬ìŠ¤íŠ¸ë¥¼ ì„ ì •í•˜ê³  8ì¢… ì´ìƒì˜ ì™€ì¸ì„ ë§¤ì¼ ì‹œìŒí• ìˆ˜ ìˆëŠ” â€˜ì „ë¬¸ í…Œì´ìŠ¤íŒ… ì™€ì¸ìƒµâ€™ ì…ë‹ˆë‹¤.
âœ‰ï¸ DM ë¬¸ì˜ëŠ” ë°›ì§€ ì•ŠìŠµë‹ˆë‹¤ 
ğŸ“ ì˜ˆì•½ 010-6389-4908
ğŸ— ë¹„ì¦ˆë‹ˆìŠ¤: Winedoor@naver.com
ğŸ“º ìœ íˆ¬ë¸Œì±„ë„â†“",2022-10-04 09:54:20.987,4923,63
í…Œì´ìŠ¤íŒ… ì™€ì¸ìƒµ á„‹á…ªá„‹á…µá†«á„ƒá…©á„‹á…¥,2022-10-05,winedoor_official,17841444742294852,347,3522,413,https://www.youtube.com/channel/UCU4oFiZc7x8DqlkFeJOO31w,https://scontent-iad3-1.xx.fbcdn.net/v/t51.2885-15/131377722_143680620657318_7773077553056580665_n.jpg?_nc_cat=108&ccb=1-7&_nc_sid=86c713&_nc_ohc=i-L9e_OtUCoAX_TITIy&_nc_ht=scontent-iad3-1.xx&edm=AL-3X8kEAAAA&oh=00_AT9QKX-S0bnWqLvcFeqgE7sAIuKAvFwAej-rgcPnQ7KK1Q&oe=634245B6,"19ë…„ê°„ ì™€ì¸ì—…ê³„ì— ì¢…ì‚¬í•˜ì‹  ëŒ€í‘œë‹˜ê»˜ì„œ ë¦¬ìŠ¤íŠ¸ë¥¼ ì„ ì •í•˜ê³  8ì¢… ì´ìƒì˜ ì™€ì¸ì„ ë§¤ì¼ ì‹œìŒí• ìˆ˜ ìˆëŠ” â€˜ì „ë¬¸ í…Œì´ìŠ¤íŒ… ì™€ì¸ìƒµâ€™ ì…ë‹ˆë‹¤.
âœ‰ï¸ DM ë¬¸ì˜ëŠ” ë°›ì§€ ì•ŠìŠµë‹ˆë‹¤ 
ğŸ“ ì˜ˆì•½ 010-6389-4908
ğŸ— ë¹„ì¦ˆë‹ˆìŠ¤: Winedoor@naver.com
ğŸ“º ìœ íˆ¬ë¸Œì±„ë„â†“",2022-10-05 09:53:41.727,4950,63
í…Œì´ìŠ¤íŒ… ì™€ì¸ìƒµ á„‹á…ªá„‹á…µá†«á„ƒá…©á„‹á…¥,2022-10-06,winedoor_official,17841444742294852,348,3524,414,https://www.youtube.com/channel/UCU4oFiZc7x8DqlkFeJOO31w,https://scontent-sea1-1.xx.fbcdn.net/v/t51.2885-15/131377722_143680620657318_7773077553056580665_n.jpg?_nc_cat=108&ccb=1-7&_nc_sid=86c713&_nc_ohc=i-L9e_OtUCoAX_OAg1A&_nc_ht=scontent-sea1-1.xx&edm=AL-3X8kEAAAA&oh=00_AT_pxBg7VpwdP5lmutogM0IYCL21cis0TbTkaRHyshZgJA&oe=634245B6,"19ë…„ê°„ ì™€ì¸ì—…ê³„ì— ì¢…ì‚¬í•˜ì‹  ëŒ€í‘œë‹˜ê»˜ì„œ ë¦¬ìŠ¤íŠ¸ë¥¼ ì„ ì •í•˜ê³  8ì¢… ì´ìƒì˜ ì™€ì¸ì„ ë§¤ì¼ ì‹œìŒí• ìˆ˜ ìˆëŠ” â€˜ì „ë¬¸ í…Œì´ìŠ¤íŒ… ì™€ì¸ìƒµâ€™ ì…ë‹ˆë‹¤.
âœ‰ï¸ DM ë¬¸ì˜ëŠ” ë°›ì§€ ì•ŠìŠµë‹ˆë‹¤ 
ğŸ“ ì˜ˆì•½ 010-6389-4908
ğŸ— ë¹„ì¦ˆë‹ˆìŠ¤: Winedoor@naver.com
ğŸ“º ìœ íˆ¬ë¸Œì±„ë„â†“",2022-10-06 09:46:48.526,4718,65
í…Œì´ìŠ¤íŒ… ì™€ì¸ìƒµ á„‹á…ªá„‹á…µá†«á„ƒá…©á„‹á…¥,2022-10-07,winedoor_official,17841444742294852,348,3520,414,https://www.youtube.com/channel/UCU4oFiZc7x8DqlkFeJOO31w,https://scontent-lcy1-1.xx.fbcdn.net/v/t51.2885-15/131377722_143680620657318_7773077553056580665_n.jpg?_nc_cat=108&ccb=1-7&_nc_sid=86c713&_nc_ohc=9AvIicU1F5MAX_I0uPs&_nc_ht=scontent-lcy1-1.xx&edm=AL-3X8kEAAAA&oh=00_AT_SRpujYYPtyNBtNptMMN2jQfnc2_YHipjoYkSWr2D4bg&oe=63443FF6,"19ë…„ê°„ ì™€ì¸ì—…ê³„ì— ì¢…ì‚¬í•˜ì‹  ëŒ€í‘œë‹˜ê»˜ì„œ ë¦¬ìŠ¤íŠ¸ë¥¼ ì„ ì •í•˜ê³  8ì¢… ì´ìƒì˜ ì™€ì¸ì„ ë§¤ì¼ ì‹œìŒí• ìˆ˜ ìˆëŠ” â€˜ì „ë¬¸ í…Œì´ìŠ¤íŒ… ì™€ì¸ìƒµâ€™ ì…ë‹ˆë‹¤.
âœ‰ï¸ DM ë¬¸ì˜ëŠ” ë°›ì§€ ì•ŠìŠµë‹ˆë‹¤ 
ğŸ“ ì˜ˆì•½ 010-6389-4908
ğŸ— ë¹„ì¦ˆë‹ˆìŠ¤: Winedoor@naver.com
ğŸ“º ìœ íˆ¬ë¸Œì±„ë„â†“",2022-10-07 09:59:32.654,4760,65
í…Œì´ìŠ¤íŒ… ì™€ì¸ìƒµ á„‹á…ªá„‹á…µá†«á„ƒá…©á„‹á…¥,2022-10-08,winedoor_official,17841444742294852,348,3517,415,https://www.youtube.com/channel/UCU4oFiZc7x8DqlkFeJOO31w,https://scontent-sjc3-1.xx.fbcdn.net/v/t51.2885-15/131377722_143680620657318_7773077553056580665_n.jpg?_nc_cat=108&ccb=1-7&_nc_sid=86c713&_nc_ohc=9AvIicU1F5MAX_3f2D6&_nc_ht=scontent-sjc3-1.xx&edm=AL-3X8kEAAAA&oh=00_AT-uhKPu8B0F_jQbk6WCPBTVWbe9XTxIkIwXuCQEzp3naQ&oe=63463A36,"19ë…„ê°„ ì™€ì¸ì—…ê³„ì— ì¢…ì‚¬í•˜ì‹  ëŒ€í‘œë‹˜ê»˜ì„œ ë¦¬ìŠ¤íŠ¸ë¥¼ ì„ ì •í•˜ê³  8ì¢… ì´ìƒì˜ ì™€ì¸ì„ ë§¤ì¼ ì‹œìŒí• ìˆ˜ ìˆëŠ” â€˜ì „ë¬¸ í…Œì´ìŠ¤íŒ… ì™€ì¸ìƒµâ€™ ì…ë‹ˆë‹¤.
âœ‰ï¸ DM ë¬¸ì˜ëŠ” ë°›ì§€ ì•ŠìŠµë‹ˆë‹¤ 
ğŸ“ ì˜ˆì•½ 010-6389-4908
ğŸ— ë¹„ì¦ˆë‹ˆìŠ¤: Winedoor@naver.com
ğŸ“º ìœ íˆ¬ë¸Œì±„ë„â†“",2022-10-08 09:42:52.216,4658,62
